codigo_convenio;nome_convenio;oferta_maior_comissao_taxa;oferta_maior_comissao_tipo;oferta_menor_taxa_valor;oferta_menor_taxa_tipo
30;MUNICIPIO DE CHAPADAO DO SUL;2.22;com seguro;2.02;com seguro
97;TRIBUNAL REGIONAL ELEITORAL DO RIO DE JANEIRO;2.3;com seguro;2.1;com seguro
125;TRIBUNAL REGIONAL DO TRABALHO DA 2A REGIAO;1.81;com seguro;1.81;com seguro
127;TRIBUNAL REGIONAL DO TRABALHO DA 01A REGIAO;2.05;com seguro;1.9;com seguro
145;MINISTERIO PUBLICO DO ESTADO DO AMAPA;2.46;com seguro;2.26;com seguro
174;PREFEITURA MUNICIPAL DE ANAPOLIS;2.74;com seguro;2.54;com seguro
191;TRIBUNAL DE JUSTICA DO ESTADO DO PARA;2.1;com seguro;1.9;com seguro
279;TRIBUNAL REGIONAL ELEITORAL DO RIO GRANDE DO SUL;2.16;com seguro;2.01;com seguro
438;MINISTERIO DA AERONAUTICA;2.55;com seguro;2.35;com seguro
853;GOVERNO DO ESTADO DO AMAPA;2.45;com seguro;2.25;com seguro
862;TRIBUNAL REGIONAL DO TRABALHO 14A REGIAO;2.1;com seguro;1.95;com seguro
864;TRIBUNAL REGIONAL DO TRABALHO 12A REGIAO;2.0;com seguro;2.0;com seguro
872;TRIBUNAL REGIONAL ELEITORAL DO ESTADO DO TOCANTINS;2.38;com seguro;2.38;com seguro
914;TRIBUNAL REGIONAL DO TRABALHO DA 11 REGIAO;2.4;com seguro;2.25;com seguro
938;PREFEITURA MUNICIPAL DE PATY DO ALFERES;2.02;com seguro;1.87;com seguro
1011;TOCANTINS PROCURADORIA GERAL DA JUSTICA;2.01;com seguro;2.01;com seguro
1014;TRIBUNAL DE JUSTICA DO ESTADO DO TOCANTINS;2.26;com seguro;2.11;com seguro
1015;TRIBUNAL DE CONTAS DO ESTADO DO TOCANTINS;2.25;com seguro;2.25;com seguro
1021;ASSEMBLEIA LEGISL DO EST TOCANTINS;2.35;com seguro;2.15;com seguro
1058;PREFEITURA MUNICIPAL DE CAETE;2.4;com seguro;2.2;com seguro
1065;PREFEITURA MUNICIPAL DE VESPASIANO;2.11;com seguro;1.96;com seguro
1106;TRIBUNAL DE JUSTICA DO ESTADO DO AMAPA;2.24;com seguro;2.09;com seguro
1142;JUSTICA FEDERAL DE PRIMEIRO GRAU NO;2.25;com seguro;2.05;com seguro
1216;ASSEMBLEIA LEGISLATIVA DO EST DA PARAIBA;2.94;com seguro;2.84;com seguro
1241;TRIBUNAL DE CONTAS DO ESTADO DA PARAIBA;2.08;com seguro;1.93;com seguro
1242;TRIBUNAL DE JUSTICA DO ESTADO DA PARAIBA;2.13;com seguro;1.98;com seguro
1243;UNIVERSIDADE ESTADUAL DA PARAIBA;2.18;com seguro;2.03;com seguro
1276;TRIBUNAL DE CONTAS DO ESTADO PARA;2.65;com seguro;2.45;com seguro
1297;TRIBUNAL DE JUSTIÃA DE RORAIMA;2.16;com seguro;2.01;com seguro
1355;PREF MUNICIPAL DE BARRA DO PIRAI;2.09;com seguro;1.94;com seguro
1397;ASPMI INDAIATUBA-ASSOC SERV INDAIATUBA;2.15;com seguro;2.0;com seguro
1451;PREFEITURA MUNICIPAL DE RIO BRANCO;2.86;com seguro;2.86;com seguro
1473;PREFEITURA MUNICIPAL DE CAMBUI;2.44;com seguro;2.24;com seguro
1633;PREFEITURA MUNICIPAL DE CONGONHAS;2.22;com seguro;2.02;com seguro
1638;PREFEITURA MUNICIPAL DE CRUZILIA;1.99;com seguro;1.84;com seguro
1857;CAMPANHA PREFEITURA;1.99;com seguro;1.84;com seguro
1941;PREFEITURA DO MUNICIPIO DE CORDEIROPOLIS;2.48;com seguro;2.38;com seguro
1961;PREFEITURA MUNICIPAL DE AVARE;2.49;com seguro;2.49;com seguro
2005;PREFEITURA MUNICIPAL DE SANTA RITA DO SAPUCAI;2.55;sem seguro;2.2;com seguro
2042;CAMARA MUNICIPAL DA ESTANCIA BALNEARIA DE PRAIA GRANDE;2.03;com seguro;1.88;com seguro
2151;INST DE APOSENT E PENSAO DOS SERV PUB DO MUNIC DE GARCA;2.18;com seguro;2.03;com seguro
2159;SERVICO AUTONOMO DE AGUAS E ESGOTOS;2.12;com seguro;1.97;com seguro
2181;PREFEITURA MUNICIPAL DE CONTAGEM;2.52;com seguro;2.32;com seguro
2213;PREFEITURA MUNICIPAL DE NOVA LIMA;2.04;com seguro;1.89;com seguro
2239;FUNEC CONTAGEM - FUND ENSINO DE CONTAGEM;2.34;com seguro;2.14;com seguro
2269;CENTRO UNIVERSITARIO DE FRANCA;2.4;com seguro;2.2;com seguro
2295;PREFEITURA MUNICIPAL DE ITABUNA;2.7;com seguro;2.5;com seguro
3585;PREFEITURA MUNICIPAL DE SAO SEBASTIAO DO PARAISO;2.35;com seguro;2.35;com seguro
3648;PREFEITURA MUNICIPAL DE BARUERI;2.62;com seguro;2.42;com seguro
3737;PREFEITURA MUNICIPAL DE BIRIGUI;2.09;com seguro;1.94;com seguro
3861;PREFEITURA MUNICIPAL DE IPERO;2.26;com seguro;2.06;com seguro
3918;PARANAIBA PREFEITURA MUNICIPAL - PG;2.06;com seguro;1.91;com seguro
4026;TRIBUNAL REGIONAL DO TRABALHO DA 5 A REGIAO;2.55;com seguro;2.45;com seguro
4098;PREFEITURA MUNICIPAL DE GARCA;2.13;com seguro;1.93;com seguro
4267;PREFEITURA MUNICIPAL DE JAGUARIUNA;2.16;com seguro;2.01;com seguro
4278;PREFEITURA MUNICIAPAL DE PENAPOLIS;2.55;com seguro;2.35;com seguro
4287;FIEB FUNDACAO INSTITUTO DE EDUCACAO;2.16;com seguro;1.96;com seguro
4325;PREFEITURA MUNICIPAL DE CAMPO MOURAO;2.4;com seguro;2.2;com seguro
4338;PETROLEO BRASILEIRO SA;4.23;com seguro;4.08;com seguro
4386;PREFEITURA MUNICIPAL DE VALINHOS;2.06;com seguro;1.91;com seguro
4404;CAMARA MUNICIPAL DE SALVADOR;2.25;com seguro;2.1;com seguro
4489;PREFEITURA MUNICIPAL DE BELO HORIZONTE;2.55;com seguro;2.45;com seguro
4521;GOVERNO DO ACRE;1.85;com seguro;1.85;com seguro
4560;SURG COMPANHIA DE SERVICOS DE URBAN;2.22;com seguro;2.07;com seguro
4561;PREFEITURA MUNICIPAL DE GUARAPUAVA;2.47;com seguro;2.27;com seguro
4565;EMPRESA MUNICIPAL DE AGUAS E SANEAM;2.3;com seguro;2.1;com seguro
4605;PREFEITURA MUNICIPAL DE NEPOMUCENO;2.32;com seguro;2.17;com seguro
4606;SERVICO AUTONOMO DE AGUA E ESGOTO DE TAQUARITINGA;2.3;com seguro;2.1;com seguro
4623;PREFEITURA MUNICIPAL DE GUARABIRA;2.32;com seguro;2.17;com seguro
4642;PREFEITURA MUNICIPAL DE IBIRITE;2.52;com seguro;2.32;com seguro
4852;PREFEITURA MUNICIPAL DE BENTO GONCALVES;2.1;com seguro;1.95;com seguro
4875;MUNICIPIO DE MESQUITA;2.28;com seguro;2.13;com seguro
4877;INSTITUTO DE PREVIDENCIA DE GARANHUNS;2.9;com seguro;2.9;com seguro
5024;PREFEITURA MUNICIPAL DE TABOAO DA SERRA;2.09;com seguro;1.94;com seguro
5062;PREFEITURA MUNICIPAL DE SANTANA DE PARNAIBA;2.15;com seguro;2.0;com seguro
5079;TRIBUNAL REGIONAL ELEITORAL DO AMAPA;2.35;com seguro;2.15;com seguro
5193;PREFEITURA MUNICIPAL DE PETROLANDIA;2.61;com seguro;2.41;com seguro
5382;INST DE PREV DOS SERV PUB MUN GUARAPUAVA;2.03;com seguro;1.88;com seguro
5562;MINISTERIO PUBLICO DO ESTADO DO RIO GRANDE DO NORTE;1.99;com seguro;1.84;com seguro
5663;CARAGUAPREV;2.03;com seguro;1.88;com seguro
5676;TRIBUNAL REGIONAL DO TRABALHO DA 24A REGIAO;2.03;com seguro;1.88;com seguro
5715;SERVICO AUTONOMO DE AGUA E ESGOTO DE ITAPOLIS;2.27;com seguro;2.27;com seguro
5738;MINISTERIO PUBLICO DO ESTADO DO PARA;2.6;com seguro;2.4;com seguro
5739;INSTITUTO DE GESTAO PREVIDENCIARIA DO ESTADO DO TOCANTINS;2.15;com seguro;2.15;com seguro
6225;TRIBUNAL REGIONAL DO TRABALHO 18A REGIAO;2.53;com seguro;2.33;com seguro
6334;INSTITUTO DE PREVIDENCIA DE IGARASSU;2.03;com seguro;1.88;com seguro
7024;PREFEITURA MUNICIPAL DE CASSILANDIA;2.7;com seguro;2.5;com seguro
10033;ASSEMBLEIA LEGISLATIVA DO ESTADO DE PERNAMBUCO;2.4;com seguro;2.2;com seguro
10135;PREFEITURA DA CIDADE DO RECIFE;2.16;com seguro;2.01;com seguro
10152;PREFEITURA DE CAMARAGIBE;2.13;com seguro;1.98;com seguro
10154;PREFEITURA MUNICIPAL DE CARNAIBA;2.61;com seguro;2.41;com seguro
10167;PREFEITURA MUNICIPAL DE IGARASSU;1.95;com seguro;1.8;com seguro
10176;PREFEITURA MUNICIPAL DE LIMOEIRO;2.73;com seguro;2.53;com seguro
10182;PREFEITURA MUNICIPAL DE PAUDALHO;2.73;com seguro;2.53;com seguro
10183;MUNICIPIO DE PAULISTA;2.05;com seguro;1.9;com seguro
10187;PREFEITURA MUNICIPAL DE RIBEIRAO;2.51;sem seguro;2.16;com seguro
10197;PREFEITURA MUNICIPAL DE SANTA MARIA DA BOA VISTA;2.12;com seguro;1.97;com seguro
10261;PREFEITURA MUNICIPAL DE CABROBO;2.17;com seguro;2.02;com seguro
10316;PREFEITURA MUNICIPAL SALGUEIRO;2.01;com seguro;1.86;com seguro
10318;AUTARQUIA EDUCACIONAL DE SALGUEIRO;2.24;com seguro;2.04;com seguro
10319;PREFEITURA JOAQUIM NABUCO;3.21;com seguro;3.21;com seguro
10396;INST DE PREV SOC MUN ESCADA-ESCADAPREVI;2.22;com seguro;2.22;com seguro
10447;FUNDO PREVIDRIO DO MUNICIPIO DE PAULISTA;2.4;com seguro;2.2;com seguro
10450;FUNPRECAB-FUNDO PREVIDENCIARIO DO M;2.22;com seguro;2.07;com seguro
12065;PREFEITURA MUNICIPAL DE PIRAI;2.8;com seguro;2.6;com seguro
12072;JUSTICA FEDERAL DE PRIMEIRO GRAU NO PARA;2.4;com seguro;2.2;com seguro
12081;TRIBUNAL REGIONAL ELEITORAL DE SAO;2.31;com seguro;2.16;com seguro
12085;TRIBUNAL REGIONAL DO TRABALHO 6 REGIAO;2.3;com seguro;2.1;com seguro
12096;CAMARA MUNICIPAL DE JUQUIA;2.45;com seguro;2.45;com seguro
12268;PREFEITURA MUNICIPAL DE CAMPO GRANDE;2.38;com seguro;2.18;com seguro
12306;TRIBUNAL DE JUSTICA DO ESTADO DE MATO GROSSO DO SUL;2.95;com seguro;2.75;com seguro
12354;AMAZONAS ASSEMBLEIA LEGISLATIVA;2.08;com seguro;1.93;com seguro
12381;TRIBUNAL DE JUSTICA DO MARANHAO;2.07;com seguro;1.92;com seguro
12500;TRIBUNAL DE JUSTICA DO ESTADO DE SERGIPE;2.57;com seguro;2.57;com seguro
12703;PREFEITURA MUNICIPAL ESTANCIA BALNEARIA ILHABELA;2.16;com seguro;2.01;com seguro
12752;CAMARA MUNICIPAL DE SAO BERNARDO DO CAMPO;2.27;com seguro;2.12;com seguro
12771;ASSOCIACAO DOS FUNCIONARIOS DO SAAE;2.64;com seguro;2.44;com seguro
12776;CAMARA MUNICIPAL DE RIO CLARO;2.35;com seguro;2.2;com seguro
12959;PREFEITURA MUNICIPAL DE ILHA COMPRIDA;2.17;com seguro;2.02;com seguro
13179;JUSTICA FEDERAL DE PRIMEIRO GRAU NO PIAUI;2.2;com seguro;1.9;com seguro
13192;TRIBUNAL REGIONAL ELEITORAL DE MATO GROSSO DO SUL;2.64;com seguro;2.44;com seguro
13195;TRIBUNAL REGIONAL ELEITORAL DO AMAZONAS;1.99;com seguro;1.84;com seguro
13558;COMPANHIA DE SANEAMENTO DO PARA;2.28;com seguro;2.08;com seguro
13764;PREFEITURA MUNICIPAL DE REGISTRO;2.25;com seguro;2.1;com seguro
13959;TRIBUNAL REGIONAL ELEITORAL DO RIO GRANDE DO NORTE;2.25;com seguro;2.15;com seguro
20080;PREFEITURA MUNICIPAL DE GAVIAO PEIXOTO;1.99;com seguro;1.84;com seguro
20082;PREFEITURA MUNICIPAL DE ORINDIUVA;1.99;com seguro;1.84;com seguro
20083;PREFEITURA MUNICIPAL DE AMERICO DE CAMPOS;2.48;com seguro;2.28;com seguro
20084;PREFEITURA MUNICIPAL DE ARARAQUARA;2.1;com seguro;1.95;com seguro
20087;PREFEITURA MUNICIPAL DE PORTO FERREIRA;2.38;com seguro;2.18;com seguro
20089;PREFEITURA MUNICIPAL DE SANTA RITA DO PASSA QUATRO;2.99;com seguro;2.79;com seguro
20090;PREFEITURA MUNICIPAL DE MACAUBAL;2.28;com seguro;2.13;com seguro
20096;PREFEITURA MUNICIPAL DE RIBEIRAO PRETO;2.24;com seguro;2.09;com seguro
20104;COMPANHIA DE ENGENHARIA DE TRAFEGO DE SANTOS;2.15;com seguro;2.0;com seguro
20131;TRIBUNAL DE CONTAS DA UNIAO;2.86;com seguro;2.66;com seguro
20141;SUPERIOR TRIBUNAL MILITAR;2.23;com seguro;2.03;com seguro
20146;TRIBUNAL SUPERIOR DO TRABALHO;2.55;com seguro;2.35;com seguro
20149;CAMARA DOS DEPUTADOS;2.02;com seguro;1.87;com seguro
20150;SUPREMO TRIBUNAL FEDERAL;2.45;com seguro;2.25;com seguro
20151;TRIBUNAL DE JUSTICA DISTRITO FEDEREAL E TERRITORIOS;2.55;com seguro;2.35;com seguro
20159;STAFEPREV - INST MUN DE PREVID SOCIAL;2.45;com seguro;2.45;com seguro
20208;INST PREV SERV MUN HORTOLANDIA-HORTOPREV;2.05;com seguro;1.85;com seguro
20243;MINISTERIO PUBLICO DO ESTADO DE SAO PAULO;3.8;com seguro;3.6;com seguro
20256;PREFEITURA MUNICIPAL DE VITORIA BRASIL;2.72;com seguro;2.72;com seguro
20257;PREFEITURA MUNICIPAL DE SANTA SALETE;2.53;com seguro;2.38;com seguro
20258;PREFEITURA MUNICIPAL DE OUROESTE;2.12;com seguro;1.97;com seguro
20324;INST DE PREV MUN DE GENERAL SALGADO;2.35;com seguro;2.35;com seguro
20345;TRIBUNAL REGIONAL DO TRABALHO DA 4 REGIAO;2.25;com seguro;2.05;com seguro
20421;CORPO DE BOMBEIROS MILIT MINAS GERAIS;2.63;sem seguro;2.28;com seguro
20423;INSTITUTO DE PREV DOS SERVIDORES MUNICIPAIS DE NOVA IGUACU;2.06;com seguro;1.91;com seguro
20440;PREFEITURA MUNICIPAL DE APARECIDA DO TABOADO;2.23;com seguro;2.03;com seguro
20450;TRIBUNAL REGIONAL FEDERAL DA 1A REGIAO;2.19;com seguro;2.04;com seguro
20487;TRIBUNAL REGIONAL ELEITORAL DO DF;2.35;com seguro;2.15;com seguro
20512;GOVERNO DO ESTADO DO AMAZONAS;2.34;com seguro;2.14;com seguro
20540;INST DE PREV SERVID PUBL MUN TERESOPOLIS;2.59;com seguro;2.44;com seguro
20554;INSTITUTO DE PREVIDENCIA MUNICIPAL DE UBATUBA - IPMU;2.44;com seguro;2.44;com seguro
20559;INSTITUTO DE PREVIDENCIA MUNICIPAL DE PRESIDENTE VENCESLAU;2.68;com seguro;2.53;com seguro
20586;INST DE PREV ASSIS - ASSISPREV                              ;2.2;com seguro;2.05;com seguro
20602;INSTITUTO DE PREVIDENCIA DOS SERVIDORES MUNICIPAIS DE SAO VICENTE;2.08;com seguro;1.93;com seguro
20603;JUSTICA FEDERAL DE 1GRAU DE MINAS GERAIS;2.65;com seguro;2.45;com seguro
20606;GOVERNO DO ESTADO DE MINAS GERAIS;2.49;com seguro;2.34;com seguro
20614;INSTITUTO DE PREVIDENCIA MUNICIPAL DE OURINHOS;1.87;com seguro;1.72;com seguro
20615;DEFENSORIA PUBLICA DE MINAS GERAIS;2.05;com seguro;2.05;com seguro
20640;TRIB REGIONAL ELEITORAL DE MINAS GERAIS;1.89;com seguro;1.89;com seguro
20659;SANEBAVI SANEAMENTO BASICO VINHEDO;2.65;com seguro;2.5;com seguro
20710;INSTITUTO DE PREVIDENCIA MUN DE MOGI DA CRUZES;2.11;com seguro;1.91;com seguro
20725;SAEMAS - MEIO AMBIENTE DE SERTAOZINHO;2.53;com seguro;2.33;com seguro
20729;INSTITUTO DE PREVIDENCIA MUNICIPAL DE PERUIBE - PERUIBEPREV;2.03;com seguro;1.88;com seguro
20745;ASSEMB LEGISL DO RIO GRANDE DO NORTE;2.32;com seguro;2.17;com seguro
20749;JOAO PESSOA SECRETARIA DE FINANCAS SEFIN                              ;2.46;com seguro;2.31;com seguro
20768;PREV DO RIO GRANDE - PREVIRG                                ;2.27;com seguro;2.12;com seguro
20805;TRIBUNAL DE JUSTICA DA BAHIA;2.12;com seguro;1.92;com seguro
20808;SANTA CASA DE FEIRA DE SANTANA                              ;2.23;com seguro;2.08;com seguro
20809;GOVERNO DO ESTADO DA BAHIA;2.07;com seguro;1.92;com seguro
20827;PREFEITURA MUNICIPAL DE SALVADOR;2.05;com seguro;1.9;com seguro
20840;ESTADO DE MATO GROSSO DO SUL;2.23;com seguro;2.03;com seguro
20844;POLICIA MILITAR DE MINAS GERAIS;1.96;com seguro;1.96;com seguro
20847;IPSEMG - INST PREV SERVID DO EST DE MG ;1.99;com seguro;1.84;com seguro
20857;INST PREV SERV MILITARES ESTADO DE MG;1.95;com seguro;1.85;com seguro
20869;PREFEITURA MUNICIPAL DE UBA;2.95;com seguro;2.75;com seguro
20894;PREFEITURA MUNICIPAL DE POUSO ALEGRE;2.24;com seguro;2.09;com seguro
20916;TRIBUNAL DE JUSTICA DO ESTADO DE MINAS GERAIS;2.5;com seguro;2.3;com seguro
20946;MINISTERIO PUBLICO FEDERAL;2.15;com seguro;1.95;com seguro
20977;PREFEITURA MUNICIPAL CAMPOS GOYTACAZES;2.07;com seguro;2.07;com seguro
21075;GOVERNO DO RIO DE JANEIRO;2.5;com seguro;2.35;com seguro
21076;PREFEITURA MUNICIPAL DO RIO DE JANEIRO;2.0;com seguro;1.95;com seguro
21088;PREFEITURA MUNICIPAL DE ALVARES DE MACHADO;2.17;com seguro;2.02;com seguro
21143;PREFEITURA MUNICIPAL DE ANDRADINA;3.4;com seguro;3.2;com seguro
21144;PREFEITURA MUNICIPAL DE MURUTINGA DO SUL;2.06;com seguro;1.91;com seguro
21145;PREFEITURA MUNICIPAL DE GABRIEL MONTEIRO;2.3;com seguro;2.1;com seguro
21146;PREFEITURA MUNICPAL DE BURITAMA;2.17;com seguro;2.02;com seguro
21148;PREFEITURA MUNICIPAL DE MIRANDOPOLIS;2.12;com seguro;1.97;com seguro
21150;PREFEITURA MUNICIPAL DE SANTÃPOLIS DO AGUAPEÃ;2.37;com seguro;2.22;com seguro
21152;PREFEITURA MUNICIPAL DE PEREIRA BARRETO;2.32;com seguro;2.12;com seguro
21153;PREFEITURA MUNICIPAL DE ITAPURA;2.3;com seguro;2.15;com seguro
21162;PREFEITURA MUNICIPAL DE POMPEIA;2.3;com seguro;2.1;com seguro
21163;PREFEITURA MUNICIPAL DE FLORINEA;2.4;com seguro;2.2;com seguro
21167;PREFEITURA MUNICIPAL DE GALIA;2.03;com seguro;1.88;com seguro
21175;PREFEITURA MUNICIPAL DE OSCAR BRESSANE;2.41;com seguro;2.26;com seguro
21177;PREFEITURA MUNICIPAL DA ESTANCIA TURISTICA DE PARAGUACU PAULISTA;2.06;com seguro;1.91;com seguro
21178;PREFEITURA MUNICIPAL DE QUATA;2.03;com seguro;1.88;com seguro
21179;PREFEITURA MUNICIPAL DE PRESIDENTE ALVES;2.4;sem seguro;2.05;com seguro
21180;PREFEITURA MUNICIPAL DE URU;2.35;com seguro;2.35;com seguro
21183;PREFEITURA MUNICIPAL DE QUEIROZ;2.47;com seguro;2.27;com seguro
21184;PREFEITURA MUNICIPAL DE TUPA;2.07;com seguro;1.87;com seguro
21190;PREFEITURA MUNICIPAL DE RAFARD;2.1;com seguro;1.95;com seguro
21194;PREFEITURA MUNICIPAL DE BARRETOS;2.23;com seguro;2.03;com seguro
21198;PREFEITURA MUNICIPALDE CAIABU;2.58;com seguro;2.38;com seguro
21199;PREFEITURA MUNICIPAL DE MARTINOPOLIS;3.05;com seguro;2.85;com seguro
21200;PREFEITURA MUNICIPAL DE NARANDIBA;2.53;com seguro;2.33;com seguro
21204;PREFEITURA MUNICIPAL DE SANDOVALINA;2.25;com seguro;2.25;com seguro
21205;PREFEITURA MUNICIPAL DE TARABAI;2.48;com seguro;2.33;com seguro
21207;PREFEITURA MUNICIPAL DE MONTE CASTELO;2.8;com seguro;2.6;com seguro
21211;PREF MUN DE PAULICEIA;2.17;com seguro;2.02;com seguro
21212;PREFEITURA MUNICIPAL DE SANTA MERCEDES;2.21;com seguro;2.06;com seguro
21214;PREF MUN DE IRAPURU;2.49;com seguro;2.49;com seguro
21215;PREFEITURA MUNICIPAL DE PACAEMBU;2.1;com seguro;2.1;com seguro
21217;PREF MUN DE MIRANTE DO PARANAPANEMA;2.34;com seguro;2.19;com seguro
21219;PREFEITURA MUNICIPAL DE TEODORO SAMPAIO;3.07;com seguro;2.87;com seguro
21222;PREFEITURA MUNICIPAL DE GUARUJA;2.35;com seguro;2.2;com seguro
21225;PREFEITURA MUNICIPAL DE ELDORADO;2.19;com seguro;2.04;com seguro
21228;PREFEITURA MUNICIPAL DE POTIRENDABA;2.52;com seguro;2.37;com seguro
21230;PREFEITURA MUNICIPAL DE UCHOA;1.99;com seguro;1.84;com seguro
21234;PREFEITURA MUNICIPAL DE MIRA ESTRELA;1.99;com seguro;1.84;com seguro
21237;PREFEITURA MUNICIPAL DE PINDORAMA;2.95;com seguro;2.75;com seguro
21238;PREFEITURA MUNICIPAL DE CATIGUA;2.2;com seguro;2.05;com seguro
21240;PREFEITURA MUNICIPAL DE TABAPUA;2.45;com seguro;2.3;com seguro
21242;PREFEITURA MUNICIPAL DE LIMEIRA;1.93;com seguro;1.78;com seguro
21243;PREFEITURA MUNICIPAL DE MARINOPOLIS;1.99;com seguro;1.84;com seguro
21244;PREFEITURA MUNICIPAL DE PARANAPUA;2.03;com seguro;1.88;com seguro
21246;PREFEITURA MUNICIPAL DE SANTA ALBERTINA;2.44;com seguro;2.24;com seguro
21247;PREFEITURA MUNICIPAL DE SANTA FÃ DO SUL;2.38;com seguro;2.23;com seguro
21248;PREFEITURA MUNICIPAL DE SANTANA DA PONTE PENSA;2.09;com seguro;1.84;com seguro
21249;PREF MUN DE TURMALINA;2.38;com seguro;2.38;com seguro
21250;PREFEITURA MUNICIPAL DE ADOLFO;1.99;com seguro;1.84;com seguro
21252;PREFEITURA MUNICIPAL DE MIRASSOLANDIA;2.17;com seguro;2.12;com seguro
21254;PREFEITURA MUNICIPAL DE NEVES PAULISTA;2.55;com seguro;2.35;com seguro
21255;PREF MUN DE NHANDEARA;2.68;com seguro;2.48;com seguro
21256;PREFEITURA MUNICIPAL DE ONDA VERDE;2.03;com seguro;1.88;com seguro
21257;PREFEITURA MUNICIPAL DE PALESTINA;1.99;com seguro;1.84;com seguro
21258;PREFEITURA MUNICIPAL DE PAULO DE FARIA;2.55;com seguro;2.55;com seguro
21260;PREFEITURA MUNICIPAL DE ALTAIR;2.78;com seguro;2.58;com seguro
21261;PREFEITURA MUNICIPAL DE TANABI;2.17;com seguro;2.02;com seguro
21264;PREFEITURA MUNICIPAL DE RIOLANDIA;2.6;com seguro;2.4;com seguro
21267;UNITAU - UNIV TAUBATE;2.16;com seguro;2.01;com seguro
21271;PREFEITURA MUNICIPAL DE SAO BENTO DO SAPUCAI;2.58;com seguro;2.38;com seguro
21272;PREFEITURA MUNICIPAL DE BANANAL;2.37;com seguro;2.22;com seguro
21274;PREFEITURA MUNICIPAL DE PINDAMONHANGABA;2.4;com seguro;2.2;com seguro
21275;PREFEITURA MUNICIPAL DE CAJURU;2.55;sem seguro;2.15;com seguro
21276;PREFEITURA MUNICIPAL DE CRAVINHOS;2.35;com seguro;2.35;com seguro
21282;PREFEITURA MUNICIPAL DE PIRACAIA;2.14;com seguro;1.99;com seguro
21285;PREFEITURA MUNICIPAL DE ITAPIRA;2.16;com seguro;2.01;com seguro
21286;PREFEITURA MUNICIPAL DE SANTA LUCIA;2.18;com seguro;2.03;com seguro
21287;SAAE SERVICO AGUA E ESGOTO DE BARRETOS                      ;3.19;com seguro;2.99;com seguro
21288;PREF MUN DE PEDRA BELA                                      ;1.99;com seguro;1.84;com seguro
21298;MUNICIPIO DE BATATAIS;2.35;com seguro;2.3;com seguro
21300;PREFEITURA MUNICIPAL DE BRODOWSKI;2.33;com seguro;2.28;com seguro
21301;PREFEITURA MUNICIPAL DE PEDREGULHO;2.38;com seguro;2.18;com seguro
21305;PREFEITURA MUNICIPAL DE BURITIZAL;1.99;com seguro;1.84;com seguro
21306;PREFEITURA MUNICIPAL DE CONCHAL;2.74;com seguro;2.54;com seguro
21307;PREF MUN DE SANTO ANTONIO DE POSSE;2.18;com seguro;2.03;com seguro
21312;PREFEITURA MUNICIPAL DE GUARA;2.85;com seguro;2.65;com seguro
21319;PREFEITURA MUNICIPAL DE SÃO SIMÃO;2.72;com seguro;2.52;com seguro
21321;PREFEITURA MUNICIPAL DE SERTAOZINHO;3.38;com seguro;3.18;com seguro
21335;PREFEITURA MUNICIPAL DE BASTOS;2.22;com seguro;2.07;com seguro
21336;PREFEITURA MUNICIPAL DE IGUAPE;2.01;com seguro;1.86;com seguro
21340;PREFEITURA MUNICIPAL DE GENERAL SALGADO;1.99;com seguro;1.84;com seguro
21341;PREFEITURA MUNICIPAL DE MAGDA;3.13;com seguro;2.93;com seguro
21342;PREFEITURA MUNICIPAL DE AVANHANDAVA;2.57;com seguro;2.52;com seguro
21343;PREFEITURA MUNICIPAL DE DOIS CORREGOS;2.3;com seguro;2.1;com seguro
21345;PREFEITURA MUNICIPAL DE PARIQUERA;2.23;com seguro;2.03;com seguro
21349;PREFEITURA MUNICIPAL DE CAMPOS DO JORDAO;2.26;com seguro;2.06;com seguro
21351;PREFEITURA MUNICIPAL DE CUNHA;2.34;com seguro;2.14;com seguro
21352;PREFEITURA MUNICIPAL DE VIRADOURO;2.18;com seguro;2.03;com seguro
21353;PREFEITURA MUNICIPAL DE BEBEDOURO;2.76;com seguro;2.61;com seguro
21355;PREFEITURA MUNICIPAL DE TURIUBA;2.98;com seguro;2.78;com seguro
21357;PREFEITURA MUNICIPAL DE UNIAO PAULISTA;2.85;com seguro;2.7;com seguro
21359;PREF MUN DE GUAPIACU;2.24;com seguro;2.04;com seguro
21361;PREF MUN DE SANTA GERTRUDES;2.5;com seguro;2.45;com seguro
21362;PREF MUN DE ITOBI;2.26;com seguro;2.11;com seguro
21364;PREFEITURA MUNICIPAL DE ARTUR NOGUEIRA;2.67;com seguro;2.57;com seguro
21369;PREFEITURA MUNICIPAL DE RIO CLARO;2.02;com seguro;1.87;com seguro
21371;PREFEITURA MUNICIPAL DE VARZEA PAULISTA;3.23;com seguro;3.08;com seguro
21372;PREFEITURA MUNICIPAL DE AMERICANA;2.1;com seguro;1.95;com seguro
21378;PREFEITURA MUNICIPAL DE MAIRINQUE;2.75;com seguro;2.55;com seguro
21383;UNIVERSIDADE ESTADUAL DE CAMPINAS - UNICAMP;2.31;com seguro;2.16;com seguro
21387;PREFEITURA MUNICIPAL DE AGUDOS;2.28;com seguro;2.28;com seguro
21389;PREFEITURA MUNICIPAL DE DUARTINA;2.71;com seguro;2.51;com seguro
21392;PREFEITURA MUNICIPAL DE SAO VICENTE;2.12;com seguro;1.97;com seguro
21393;MUNICIPIO EST BALN DE PRAIA GRANDE;2.17;com seguro;2.02;com seguro
21394;PREFEITURA MUNICIPAL DE ASSIS;2.96;com seguro;2.76;com seguro
21395;PREFEITURA MUNICIPAL DE CRUZALIA;2.48;com seguro;2.28;com seguro
21398;PREFEITURA MUNICIPAL DE GUARANTA;2.54;com seguro;2.44;com seguro
21399;PREFEITURA MUNICIPAL DE ITAPUI;2.03;com seguro;1.88;com seguro
21401;PREF MUN DE MACATUBA;2.22;com seguro;2.07;com seguro
21404;PREFEITURA MUNICIPAL DE PIRAJU;2.06;com seguro;1.91;com seguro
21405;PREFEITURA MUNICIPAL DE FARTURA;2.14;com seguro;1.99;com seguro
21406;PREFEITURA MUNICIPAL DE TAGUAI;2.46;com seguro;2.26;com seguro
21409;PREFEITURA MUNICIPAL DE SANTA CRUZ DO RIO PARDO;2.63;com seguro;2.43;com seguro
21415;PREFEITURA MUNICIPAL DE PIRACICABA;2.21;com seguro;2.06;com seguro
21418;PREFEITURA MUNICIPAL DE BROTAS;3.24;com seguro;3.04;com seguro
21421;PREFEITURA MUNICIPAL DE SANTA CRUZ DA PALMEIRAS;2.0;com seguro;2.0;com seguro
21422;PREFEITURA MUNICIPAL DE TAMBAU;2.33;com seguro;2.18;com seguro
21423;SERVICO AUTONOMO DE AGUA E ESGOTOS DE ITAPIRA;2.36;com seguro;2.21;com seguro
21425;PREFEITURA MUNICIPAL DE PEDREIRA;2.14;com seguro;1.99;com seguro
21427;PREFEITURA MUNICIPAL DE SANTA BARBARA D OESTE;2.34;com seguro;2.14;com seguro
21430;PREF MUN DE SANTO EXPEDITO;2.79;com seguro;2.64;com seguro
21432;PREFEITURA MUNICIPAL DE VINHEDO;2.6;com seguro;2.45;com seguro
21434;PREFEITURA MUNICIPAL DE PRESIDENTE VENCESLAU;2.11;com seguro;1.96;com seguro
21435;PREFEITURA MUNICIPAL DE UBATUBA;2.32;com seguro;2.17;com seguro
21436;PREFEITURA MUNICIPAL DE SANTO ANDRE;1.99;com seguro;1.84;com seguro
21441;PREFEITURA MUNICIPAL DE SUZANO;2.2;com seguro;2.05;com seguro
21442;PREFEITURA MUNICIPAL DE CAIEIRAS;2.0;com seguro;1.85;com seguro
21444;PREFEITURA MUNICIPAL DE FRANCO DA ROCHA;2.1;com seguro;1.95;com seguro
21448;PREFEITURA MUNICIPAL DE MAIRIPORA;2.19;com seguro;1.99;com seguro
21451;PREFEITURA MUNICIPAL DE SAO BERNARDO DO CAMPO;2.04;com seguro;1.89;com seguro
21454;PREFEITURA MUNICIPAL DE MOGI DAS CRUZES;2.13;com seguro;1.93;com seguro
21460;PREFEITURA MUNICIPAL DE ITANHAEM;3.29;com seguro;3.14;com seguro
21461;PREF MUN DE MONGAGUA;2.2;com seguro;2.05;com seguro
21462;PREFEITURA MUNICIPAL DE PERUIBE;2.29;com seguro;2.14;com seguro
21465;PREFEITURA MUNICIPAL DE JACUPIRANGA;2.27;com seguro;2.27;com seguro
21466;PREFEITURA MUNICIPAL DE MIRACATU;2.63;com seguro;2.43;com seguro
21467;PREFEITURA MUNICIPAL DE CANANEIA;2.65;com seguro;2.45;com seguro
21468;PREFEITURA MUNICIPAL DE JUQUIA;2.86;com seguro;2.71;com seguro
21469;PREFEITURA MUNICIPAL DE OLIMPIA;2.42;com seguro;2.22;com seguro
21470;PREF MUN DE GUARACI;2.85;com seguro;2.8;com seguro
21471;PREFEITURA MUNICIPAL DE VOTUPORANGA;2.11;com seguro;1.96;com seguro
21473;PREFEITURA MUNICIPAL DE VALENTIM GENTIL;2.38;com seguro;2.18;com seguro
21477;PREFEITURA MUNICIPAL DE PALMEIRA D OESTE;1.99;com seguro;1.84;com seguro
21478;PREFEITURA MUNICIPAL DE URANIA;2.44;com seguro;2.29;com seguro
21480;PREFEITURA MUNICIPALDE SALES;2.06;com seguro;1.91;com seguro
21482;PREFEITURA MUNICIPAL DE SAO LUIZ DO PARAITINGA;1.99;com seguro;1.84;com seguro
21485;PREFEITURA MUNICIPAL DE BOTUCATU;2.04;com seguro;1.84;com seguro
21490;PREFEITURA MUNICIPAL DE PARDINHO;2.5;com seguro;2.3;com seguro
21492;PREFEITURA MUNICIPAL DE CERQUEIRA CESAR;2.19;com seguro;2.04;com seguro
21494;PREFEITURA MUNICIPAL DE ITAI;2.4;com seguro;2.25;com seguro
21501;PREFEITURA MUNICIPAL DE ITAPETININGA;2.2;com seguro;2.05;com seguro
21507;PREFEITURA MUNICIPAL DE ITABERA;2.05;com seguro;1.9;com seguro
21509;PREFEITURA MUNICIPAL DE ITARARE;2.07;com seguro;1.92;com seguro
21510;PREFEITURA MUNICIPAL DE ITAPORANGA;2.03;com seguro;1.88;com seguro
21512;PREFEITURA MUNICIPAL DE CABREUVA;2.43;com seguro;2.23;com seguro
21515;PREFEITURA MUNICIPAL DE PILAR DO SUL;2.36;com seguro;2.16;com seguro
21518;PREFEITURA DA ESTANCIA TURISTICA DE IBIUNA;2.63;com seguro;2.43;com seguro
21519;PREFEITURA MUNICIPAL DE TATUI;2.19;com seguro;2.04;com seguro
21521;PREFEITURA MUNICIPAL DE CERQUILHO;2.23;com seguro;2.08;com seguro
21522;PREFEITURA MUNICIPAL DE SAO JOSE DOS CAMPOS;1.93;com seguro;1.78;com seguro
21523;PREFEITURA MUNICIPAL DE PARAIBUNA;2.4;com seguro;2.2;com seguro
21526;PREFEITURA MUNICIPAL DE GUARATINGUETA;2.15;com seguro;1.95;com seguro
21527;PREFEITURA MUNICIPAL DE APARECIDA;2.04;com seguro;1.89;com seguro
21528;PREFEITURA MUNICIPAL DE SANTA BRANCA;2.65;com seguro;2.5;com seguro
21529;PREFEITURA MUNICIPAL DE JACAREI;2.05;com seguro;1.9;com seguro
21534;SAAE - JABOTICABAL;2.28;com seguro;2.08;com seguro
21535;PREFEITURA MUNICIPAL DE BOA ESPERANCA DO SUL;2.3;com seguro;2.3;com seguro
21536;PREFEITURA MUNICIPAL DE DESCALVADO;2.47;com seguro;2.27;com seguro
21537;PREFEITURA MUNICIPAL DE BORBOREMA;2.06;com seguro;1.91;com seguro
21541;PREFEITURA MUNICIPAL DE MENDONCA;2.75;com seguro;2.65;com seguro
21542;PREFEITURA MUNICIPAL DE INDIAPORA;2.38;com seguro;2.23;com seguro
21543;GUARDA MUNICIPAL DE AMERICANA;2.2;com seguro;2.05;com seguro
21557;PREFEITURA MUNICIPAL DE CLEMENTINA;2.81;com seguro;2.61;com seguro
21562;INST DE PREVID SERVID PUBL MUN CUBATAO;2.05;com seguro;2.05;com seguro
21565;FUND DE EDUCACAO E CULTURA DE SANTA                         ;3.69;com seguro;3.54;com seguro
21573;PREFEITURA MUNICIPAL DE FERNANDOPOLIS;2.18;com seguro;2.03;com seguro
21579;UNIVERSIDADE ESTADUAL PAULISTA JULIO DE MESQUITA FILHO;2.11;com seguro;1.96;com seguro
21597;PREFEITURA MUNICIPAL DE REGENTE FEIJO;2.14;com seguro;2.14;com seguro
21599;SAAE JACAREI - SERV AUTON AGUA E ESG;2.17;com seguro;2.02;com seguro
21655;PREFEITURA MUNICIPAL DE JABOTICABAL;2.37;com seguro;2.17;com seguro
21667;SAAE CERQUILHO;2.18;com seguro;2.03;com seguro
21690;INST DE PREV PIRACICABA;2.36;com seguro;2.21;com seguro
21711;SERVICO ASSISTENCIAL DOS FUNC E SERV MUNIC DE BEBEDOURO;2.35;com seguro;2.15;com seguro
21713;PREFEITURA MUNICIPAL DE MONTE ALTO;2.35;com seguro;2.15;com seguro
21715;PREFEITURA MUNICIPAL DE POPULINA;2.73;com seguro;2.53;com seguro
21721;FUND PRO SANGUE HEMOCENTRO SAO PAULO;2.53;com seguro;2.38;com seguro
21735;PREFEITURA MUNICIPAL DE BOM JESUS DOS PERDOES;2.63;com seguro;2.48;com seguro
21739;SERVICO MUNICIPAL DE AGUAS E ESGOTOS - MOGI DAS CRUZES;2.3;com seguro;2.1;com seguro
21753;PREFEITURA MUNICIPAL DE SEBASTIANOPOLIS DO SUL;1.99;com seguro;1.84;com seguro
21757;PREF MUN DE NOVA LUZITANIA;2.15;com seguro;2.15;com seguro
21760;PREFEITURA MUNICIPAL DE MONTE APRAZIVEL;2.65;com seguro;2.45;com seguro
21761;PREFEITURA MUNICIPAL DE FLOREAL;2.35;com seguro;2.35;com seguro
21763;PREFEITURA MUNICIPAL DE PARAPUA;2.85;com seguro;2.65;com seguro
21764;PREFEITURA MUNICIPAL DE OSVALDO CRUZ;2.19;com seguro;1.99;com seguro
21765;PREFEITURA MUNICIPAL DE CAIUA;2.29;com seguro;2.14;com seguro
21791;PREFEITURA MUNICIPAL DE SANTO ANASTACIO;2.3;com seguro;2.1;com seguro
21810;PREF MUN DE PIRAPOZINHO;2.14;com seguro;1.94;com seguro
21814;PREFEITURA MUNICIPAL DE POA;1.98;com seguro;1.83;com seguro
21821;PREFEITURA MUNICIPAL DE PRESIDENTE EPITACIO;2.25;com seguro;2.1;com seguro
21823;PREFEITURA MUNICIPAL DE TACIBA;2.67;com seguro;2.47;com seguro
21824;PREFEITURA MUNICIPAL DE PRESIDENTE PRUDENTE;1.97;com seguro;1.82;com seguro
21827;COMPANHIA MUNICIPAL DE TRANSITO DE CUBATAO;2.35;com seguro;2.25;sem seguro
21854;PREFEITURA MUNICIPAL DE SANTA ISABEL;2.83;com seguro;2.63;com seguro
21855;PREFEITURA MUNICIPAL DE ARUJA;2.5;com seguro;2.3;com seguro
21891;CONSORCIO INTERMUNICIPAL DE SAUDE DO VALE DO RIBEIRA E LITORAL SUL;2.4;com seguro;2.4;com seguro
21921;PREFEITURA MUNICIPAL DE ARACARIGUAMA;2.38;com seguro;2.23;com seguro
21925;SAME - FRANSCISCO MORATO;2.35;com seguro;2.3;com seguro
21939;PREFEITURA MUNICIPAL DE ILHA SOLTEIRA;2.5;com seguro;2.3;com seguro
21941;PREF MUN DE SANTO ANTONIO DO ARACANGUA;2.3;com seguro;2.15;com seguro
21943;PREF MUN DE SUZANAPOLIS;2.53;com seguro;2.33;com seguro
21947;PREFEITURA MUNICIPAL DE SAO JOAQUIM DA BARRA;2.73;com seguro;2.58;com seguro
21948;PREFEITURA MUNICIPAL DE MONCOES;3.06;com seguro;2.86;com seguro
22001;INSTITUTO DE PESQUISAS TECNOLOGICAS DO E;2.44;com seguro;2.29;com seguro
22165;UNIVERSIDADE DE SAO PAULO;2.45;com seguro;2.3;com seguro
22172;PREFEITURA MUNICIPAL DE CAJATI;2.15;com seguro;2.0;com seguro
22176;PREFEITURA MUNICIPAL DE PEDRINHAS PAULISTA;2.65;com seguro;2.45;com seguro
22202;INST DE PREV MUN DE FERNANDOPOLIS;2.57;com seguro;2.57;com seguro
22204;PREFEITURA MUNICIPAL DE DIRCE REIS;1.99;com seguro;1.84;com seguro
22205;PREFEITURA MUNICIPAL DE ASPASIA;2.8;com seguro;2.6;com seguro
22225;INSTITUTO DE PREVIDENCIA DO MUNICIPIO DE BARRETOS;2.45;com seguro;2.25;com seguro
22248;PREFEITURA MUNICIPAL DE ROSANA;2.29;com seguro;2.09;com seguro
22250;PREF MUN DE EMILIANOPOLIS;2.83;com seguro;2.68;com seguro
22258;PREFEITURA MUNICIPAL DE BERTIOGA;2.08;com seguro;1.93;com seguro
22264;SEPREM DE JABOTICABAL;2.16;com seguro;1.96;com seguro
22275;PREFEITURA MUNICIPAL DE SAO ROQUE;2.11;com seguro;1.96;com seguro
22280;CAMARA MUNICIPAL DE PERUIBE;2.08;com seguro;2.08;com seguro
22288;PREFEITURA MUNICIPAL DE TABATINGA;2.85;com seguro;2.65;com seguro
22297;INST DE PREVID SERVID PUBL MUN TAUBATE;2.03;com seguro;1.88;com seguro
22314;SUPERINTENDENCIA DE AGUA, ESGOTOS E MEIO AMBIENTE DE VOTUPORANGA;2.18;com seguro;2.03;com seguro
22362;PREFEITURA MUNICIPAL DE RIO NEGRO;2.48;com seguro;2.33;com seguro
22368;PREFEITURA MUNICIPAL DE ADRIANOPOLIS;1.89;com seguro;1.74;com seguro
22391;PREFEITURA MUNICIPAL DE MARINGA;2.15;com seguro;1.95;com seguro
22417;PREFEITURA MUNICIPAL DE ARAPONGAS;1.97;com seguro;1.82;com seguro
22509;TRIBUNAL DE JUSTICA DE SANTA CATARINA;2.12;com seguro;1.92;com seguro
22530;PREFEITURA MUNICIPAL DE SAO BENTO DO SUL;2.08;com seguro;1.93;com seguro
22547;PREFEITURA MUNICIPAL DE CACHOEIRA DO SUL;2.01;com seguro;1.81;com seguro
22549;PREFEITURA MUNICIPAL DE PASSO FUNDO;2.39;com seguro;2.19;com seguro
22567;PREFEITURA MUNICIPAL DE ALVORADA;2.76;com seguro;2.61;com seguro
22573;PREF MUN DE CACAPAVA DO SUL;1.99;com seguro;1.84;com seguro
22576;PREFEITURA MUNICIPAL DE SAPUCAIA DO SUL;2.8;com seguro;2.6;com seguro
22585;PREF MUN DE SAO SEBASTIAO DO CAI;2.11;com seguro;1.96;com seguro
22592;PREFEITURA MUNICIPAL DE RIO GRANDE;1.96;com seguro;1.81;com seguro
22594;PREFEITURA MUNICIPAL DE CANELA;1.99;com seguro;1.84;com seguro
22608;PREFEITURA MUNICIPAL DE CAMAQUA;2.27;com seguro;2.07;com seguro
22609;PREFEITURA MUNICIPAL DE PANAMBI;2.61;com seguro;2.41;com seguro
22618;PREFEITURA MUNICIPAL DE CANGUCU;1.99;com seguro;1.84;com seguro
22666;PREFEITURA MUNICIPAL DE NOVA PRATA;2.23;com seguro;2.03;com seguro
22770;INSTITUTO DE PREVIDENCIA DO MUNICIPIO DE JACAREI;2.08;com seguro;1.88;com seguro
22772;INSTITUTO DE PREVIDENCIA DE SAO JOSE DOS CAMPOS;2.25;com seguro;2.05;com seguro
22780;PREFEITURA MUNICIPAL DE TAQUARA;2.14;com seguro;1.99;com seguro
22785;PREFEITURA MUNICIPAL DE VERANOPOLIS;2.21;com seguro;2.06;com seguro
22790;PREFEITURA MUNICIPAL DE PIRANGI;2.33;com seguro;2.18;com seguro
22806;PREFEITURA MUNICIPAL DE DOURADO;2.64;com seguro;2.44;com seguro
22812;INST DE PREV DOS SERV PUBLICOS DO MUNIC DE OLIMPIA;2.8;com seguro;2.6;com seguro
22826;PREFEITURA MUNICIPAL DE LINDOIA;2.51;com seguro;2.46;com seguro
35627;PREFEITURA MUNICIPAL DE VOTORANTIM;2.21;com seguro;2.06;com seguro
35647;PREFEITURA MUNICIPAL DE LARANJAL PAULISTA;2.22;com seguro;2.22;com seguro
35685;PREFEITURA MUNICIPAL DE ARANDU;2.22;com seguro;2.02;com seguro
35794;PREFEITURA MUNICIPAL DE ZACARIAS;2.24;com seguro;2.09;com seguro
35815;PREFEITURA MUNICIPAL DE GUARACAI;2.99;com seguro;2.79;com seguro
35819;PREFEITURA MUNICIPAL DE LINS;2.04;com seguro;1.89;com seguro
35821;CRAISA - CIA. REGIONAL DE ABASTECIM;2.21;com seguro;2.06;com seguro
35885;PREFEITURA MUNICIPAL DE VARGEM GRANDE;2.12;com seguro;1.97;com seguro
35889;INST DE PREVID SERVID PUBL MUN MAIRIPORA;2.32;com seguro;2.12;com seguro
35895;PREFEITURA MUNICIPAL DE MORRINHOS;2.11;com seguro;1.96;com seguro
35900;PREFEITURA MUNICIPAL DE SANTOS;2.27;com seguro;2.12;com seguro
35944;PREFEITURA MUNICIPAL DE PATROCINIO;2.35;com seguro;2.35;com seguro
35967;DEPART DE AGUA E ESGOTO S CAETANO DO SUL;2.2;com seguro;2.2;com seguro
36024;PREFEITURA MUNICIPAL DE PALMARES DO SUL;2.7;com seguro;2.55;com seguro
36046;INSTITUTO DE PREVIDENCIA DOS SERVIDORES DO MUNICIPIO DE PARANAIBA - PREVIM ;2.15;com seguro;2.0;com seguro
36120;PREFEITURA MUNICIPAL DE LUCELIA;2.1;com seguro;1.95;com seguro
36126;ITANHAEM PREV-INST  PREVID MUN ITANHAEM;2.01;com seguro;1.86;com seguro
36138;INSTITUTO DE PREVIDENCIA MUNICIPAL DE LIMEIRA;2.18;com seguro;2.03;com seguro
36158;PREFEITURA MUNICIPAL DE PELOTAS;2.17;com seguro;2.17;com seguro
36181;SERVICO AUTONOMO DE SANEAMENTO DE PELOTAS;2.32;com seguro;2.17;com seguro
36236;PREFEITURA MUNICIPAL DE ITAPEVA MG;2.55;com seguro;2.55;com seguro
36244;INSTITUTO DE PREVIDENCIA PENSOES E APOSENTADORIAS DOS SERVIDORES DE ARAPONGAS;2.28;com seguro;2.18;com seguro
36306;INSTITUTO DE GESTAO PREVIDENCIARIA DO MUNICIPIO DE PETROLINA;3.64;com seguro;3.54;com seguro
36330;PREFEITURA MUNICIPAL DE SAO SEBASTIAO;1.99;com seguro;1.84;com seguro
36331;SANEAMENTO DE GOIAS S/A;2.11;com seguro;1.96;com seguro
36355;INSTITUTO DE PREVIDÃNCIA DOS SERVIDORES MUNICIPAIS DE CONCHAL;2.3;com seguro;2.3;com seguro
36407;PREFEITURA MUNICIPAL DE CANDIDO MOTA;2.14;com seguro;1.99;com seguro
36460;MACAPA PREVIDENCIA - MACAPA PREV;2.55;com seguro;2.4;com seguro
36484;PREFEITURA MUNICIPAL DE ARACATUBA;2.28;com seguro;2.08;com seguro
36515;MUNICIPIO DE CAMPO BELO;2.09;com seguro;1.94;com seguro
36516;CENTRAIS DE ABASTECIMENTO DE CAMPIN;1.95;com seguro;1.95;com seguro
36565;MUNICIPIO DE NOVA GRANADA;2.05;com seguro;1.9;com seguro
36573;CREMESP - CONSELHO REGIONAL DE MEDICINA ;2.54;com seguro;2.34;com seguro
36601;MUNICIPIO DE VITORIA DA CONQUISTA;2.37;com seguro;2.17;com seguro
36613;GOVERNO DO ESTADO DE SAO PAULO;2.97;com seguro;2.77;com seguro
36615;POLICIA MILITAR DO ESTADO DE SAO PAULO;2.12;com seguro;1.97;com seguro
36616;SAO PAULO PREVIDENCIA;2.23;com seguro;2.08;com seguro
36643;PREF MUN DE VIDEIRA;2.3;com seguro;2.1;com seguro
36689;FUNDO MUNICIPAL DE SAUDE PAUDALHO;2.43;com seguro;2.23;com seguro
36690;FUNDO DE APOSENTADORIA E PENSAO DO;2.0;com seguro;2.0;com seguro
36754;FUNDO DE APOSENTADORIA E PENSAO DO SERVIDOR - FAPS;2.1;com seguro;2.1;com seguro
36787;PREF MUNICIPAL DE CACAPAVA;2.55;com seguro;2.55;com seguro
36802;PREFEITURA MUNICIPAL DE PEDERNEIRAS;2.73;com seguro;2.53;com seguro
36867;ASSEMBLEIA LEGISLATIVA DO ESTADO DO ESPIRITO SANTO;1.91;com seguro;1.76;com seguro
36922;UNIVERSIDADE ESTADUAL DO CENTRO OES;2.3;com seguro;2.3;com seguro
36926;MUNICIPIO DE AMPARO;2.4;com seguro;2.4;com seguro
36984;PREFEITURA MUNICIPAL DE CUBATAO;2.13;com seguro;1.98;com seguro
37064;PREFEITURA MUNICIPAL DE RIFAINA;2.49;com seguro;2.29;com seguro
37144;MUNICIPIO DE GRAMADO;2.55;com seguro;2.4;com seguro
37146;MUNICIPIO DE JOINVILLE;2.52;com seguro;2.37;com seguro
37275;EMP MUNIC PLANEJ GESTAO EDUC TRANSITO;1.88;com seguro;1.83;sem seguro
37276;PREVMOC MONTES CLAROS-INST PREVID;1.89;com seguro;1.74;com seguro
37326;MUNICIPIO DE FEIRA DE SANTANA;2.4;com seguro;2.3;com seguro
37327;PREFEITURA MUNICIPAL DE TRAMANDAI;2.07;com seguro;1.92;com seguro
37336;MUNICIPIO DE VARGINHA;2.07;com seguro;1.92;com seguro
37337;FUNDACAO CULTURAL DO MUNICIPIO DE VARGINHA;2.25;com seguro;2.1;com seguro
37338;GUARDA CIVIL MUNICIPAL DE VARGINHA;2.25;com seguro;2.1;com seguro
37339;FUNDACAO HOSPITALAR DO MUN DE VARGINHA;2.06;com seguro;1.91;com seguro
37340;INSTITUTO DE PREVIDENCIA DOS SERVIDORES DE VARGINHA;2.18;com seguro;2.03;com seguro
37369;SEMUL SERVICO MUNICIPAL FUNERARIO E;2.79;com seguro;2.64;com seguro
37479;PREFEITURA MUNICIPAL DE PATOS DE MI;2.28;com seguro;2.08;com seguro
37483;SERVICO AUTONOMO DE AGUA E ESGOTO D;2.18;com seguro;2.03;com seguro
37508;MUNICIPIO DE MARICA;2.15;com seguro;2.0;com seguro
37530;SERVICO AUTONOMO DE AGUA E ESGOTO;2.45;com seguro;2.45;com seguro
37579;PREFEITURA MUNICIPAL DE VITORIA;1.98;com seguro;1.83;com seguro
37588;EMPRESA MUNICIPAL DE SAUDE EMUS;2.7;com seguro;2.55;com seguro
37628;GUAICARA PREFEITURA;2.6;com seguro;2.6;com seguro
37703;INST DE PREV MUNICIPAL MACATUBA;2.32;com seguro;2.32;com seguro
37755;ORGANIZACAO MUNICIPAL SEGURIDADE SO;2.15;com seguro;2.0;com seguro
37849;INSTITUTO DE SEGURIDADE SOCIAL DE M;2.4;com seguro;2.2;com seguro
37897;PREFEITURA MUNICIPAL DE MARIANA;2.89;com seguro;2.89;com seguro
37898;MUNICIPIO DE SAO JOAO DEL REI;2.33;com seguro;2.18;com seguro
37903;PREFEITURA MUNIC DE TRES LAGOAS;2.25;com seguro;2.1;com seguro
37918;CAMARA MUNICIPAL DE AMERICANA;2.28;com seguro;2.08;com seguro
38005;INST PREV SOC SERV MUN VALINHOS-VALIPREV;2.22;com seguro;2.22;com seguro
38038;IMSS - INSTITUTO MUNICIPAL DE SEGUR;2.44;com seguro;2.44;com seguro
38040;IPAMV-INST. DE PREV. E ASSISTENCIA DOS SERVID - MUNICIPIO DE VITORIA;1.79;com seguro;1.64;com seguro
38081;PREFEITURA MUNICIPAL DE CAMACARI;2.13;com seguro;1.98;com seguro
38086;MUNICIPIO DE IGARAPAVA;2.89;com seguro;2.69;com seguro
38087;PREFEITURA MUNICIPAL DE JABORANDI;2.73;com seguro;2.58;com seguro
38099;INSTITUTO DE PREVIDENCIA MUNICIPAL;3.1;com seguro;3.1;com seguro
38151;SERVICO AUTONOMO DE AGUA E ESGOTO DE PEDREIRA;2.19;com seguro;2.19;com seguro
38152;TRIBUNAL REGIONAL DO TRABALHO DA 20;3.2;com seguro;3.0;com seguro
38163;RIO GRANDE DO NORTE TRIBUNAL DE JUS;2.1;com seguro;1.9;com seguro
38164;INSTITUTO PREVIDENCIARIO DE SÃO SEBASTIÃO;1.87;com seguro;1.87;com seguro
38167;PREFEITURA M DE CARUARU;2.55;com seguro;2.4;com seguro
38205;PREFEITURA MUNICIPAL DE CAMPO LIMPO;2.46;com seguro;2.26;com seguro
38273;PREFEITURA MUNICIPAL DE SAO MANUEL;2.1;com seguro;1.95;com seguro
38274;PROCURADORIA GERAL DO ESTADO DE SP;2.28;com seguro;2.08;com seguro
38284;IMPREV - INSTITUTO MUNICIPAL DE PREVIDENCIA DE VIRADOURO;2.3;com seguro;2.3;com seguro
38315;MUNICIPIO DE SANTIAGO;2.16;com seguro;1.96;com seguro
38385;PREFEITURA MUNICIPAL DE CAPIVARI;2.36;com seguro;2.16;com seguro
38397;AUTARQUIA MUNICIPAL DE TRÃNSITO E TRANSPORTES DE CONTAGEM - TRANSCON;2.3;com seguro;2.1;com seguro
38400;ARAPREV;2.1;com seguro;2.1;com seguro
38442;MUNICIPIO DE PARATI;2.1;com seguro;2.1;com seguro
38443;FUNDO PREVIDENCIARIO DO MUNICIPIO DE SANTA MARIA DA BOA VISTA;2.55;com seguro;2.4;com seguro
38529;PREFEITURA MUNICIPAL DE RIO DAS PEDRAS;2.77;com seguro;2.57;com seguro
38531;PREFEITURA MUNICIPAL DE CACHOEIRA PAULISTA;2.85;com seguro;2.65;com seguro
38551;PREFEITURA MUNICIPAL DE ARARAS;2.23;com seguro;2.03;sem seguro
38552;SERVICO MUNICIPAL DE TRANSPORTES CO;2.31;com seguro;2.31;com seguro
38553;SERVICO DE AGUA E ESGOTO E MEIO AMB;2.0;com seguro;2.0;com seguro
38575;SAO PAULO TRIBUNAL DE JUSTICA;2.0;com seguro;1.85;com seguro
38623;PREFEITURA MUNICIPAL DE CEDRAL;2.16;com seguro;2.01;com seguro
38640;PREFEITURA MUNICIPAL DE PLATINA;1.99;com seguro;1.84;com seguro
38644;PREFEITURA MUN DE PESQUEIRA CEHAB;2.05;com seguro;1.95;com seguro
38654;INSTITUTO DE PREVIDENCIA MUNICIPAL DE CAIUA;1.99;com seguro;1.84;com seguro
38679;COMPANHIA CATARINENSE DE AGUAS E SA;2.4;com seguro;2.2;com seguro
38695;GUARDA CIVIL MUNICIPAL DE RIBEIRAO;2.56;com seguro;2.41;com seguro
38733;SAO PAULO TRIBUNAL DE JUSTICA - SERVIDORES;2.16;com seguro;2.01;com seguro
38745;CAMARA MUNICIPAL DE BALBINOS;2.69;com seguro;2.69;com seguro
38770;PREFEITURA MUNICIPAL DO CARPINA;2.05;com seguro;1.9;com seguro
38793;PREFEITURA DOS PALMARES;2.37;com seguro;2.37;com seguro
38794;TRIBUNAL DE CONTAS MATO GROSSO DO SUL;2.5;com seguro;2.3;com seguro
38820;INSTITUTO DE PREVIDENCIA DOS SERVIDORES DO MUNICIPIO DO CARPINA;2.34;com seguro;2.19;com seguro
38862;INST PREV SERV MUN ILHABELA-ILHABELAPREV;2.14;com seguro;1.99;com seguro
38892;FASI FUNDACAO DE ATENCAO A SAUDE DE;2.25;com seguro;2.15;com seguro
38909;PREFEITURA MUNICIPAL DE SABARA;2.09;com seguro;1.94;com seguro
38942;PREFEITURA MUNICIPAL DE VALENCA;2.46;com seguro;2.31;com seguro
38968;MUNICIPIO DE PAULINIA;1.98;com seguro;1.83;com seguro
38978;FUNDO MUNICIPAL DE EDUCACAO DOS PALMARES;2.29;com seguro;2.29;com seguro
39001;FUNDO MUNICIPAL DE SAUDE;2.34;com seguro;2.34;com seguro
39048;IPREM - SALES;1.95;com seguro;1.95;com seguro
39088;PREFEITURA MUNICIPAL DO SURUBIM;2.2;com seguro;2.0;com seguro
39089;INST DE PREVIDENCIA DOS SERVIDORES;2.22;com seguro;2.07;com seguro
39130;PREFEITURA MUNICIPAL DE PIRAJUI;2.61;com seguro;2.41;com seguro
39166;FUNDO MUNICIPAL DE SEGURIDADE DE BADY BASSITT;1.99;com seguro;1.84;com seguro
39170;GOVERNO DO ESTADO DE RONDONIA;2.2;com seguro;2.1;com seguro
39203;PREFEITURA MUNICIPAL DE FORTALEZA;2.1;com seguro;2.1;com seguro
39208;PREFEITURA MUNICIPAL DE OLINDA;2.05;com seguro;1.9;com seguro
39221;MUNICIPIO DE SAO GABRIEL;2.09;com seguro;1.89;com seguro
39243;PREFEITURA MUNICIPAL DE PORTO VELHO;2.42;com seguro;2.22;com seguro
39316;MUNICIPIO DE LAGOA VERMELHA;2.21;com seguro;2.01;com seguro
39364;INST DE PREVID MUN DE PATOS DE MINAS;2.49;com seguro;2.29;com seguro
39380;INSTITUTO DE PREVIDENCIA MUNICIPAL DE SÃO PAULO IPREM;2.3;com seguro;2.15;com seguro
39413;MUNICIPIO DE UBERLANDIA;2.11;com seguro;1.91;com seguro
39497;PARANAVAI PREVIDENCIA;2.48;com seguro;2.28;com seguro
39524;JUSTIÃA FEDERAL DO RIO GRANDE DO NORTE;2.05;com seguro;1.95;com seguro
39540;MUNICIPIO DE VIANA;2.05;com seguro;1.9;com seguro
39544;INSTITUTO DE PREVIDENCIA SOCIAL DOS SERVIDORES PUBLICOS DO MUNICIPIO DE VIANA;2.25;com seguro;2.1;com seguro
39548;PREVIDENCIA DOS SERVIDORES PUBLICOS MUNICIPAIS DE MARINGA;2.2;com seguro;2.05;com seguro
39605;MUNICIPIO DE CACERES;2.26;com seguro;2.11;com seguro
39626;PREFEITURA MUNICIPAL DE CORONEL FAB;2.29;com seguro;2.09;com seguro
39635;PAULIPREV PAULINIA-INST PREV PAULINIA;2.21;com seguro;2.06;com seguro
39639;MUNICIPIO DE TANGARA DA SERRA;2.13;com seguro;1.98;com seguro
39689;MUNICIPIO DE JUAZEIRO DO NORTE;2.31;com seguro;2.16;com seguro
39697;COMPANHIA PETROPOLITANA DE TRÃNSITO E TRANSPORTES;2.35;com seguro;2.2;com seguro
39705;FUNDAÃÃO MARIMBETA - FMSICA;2.49;com seguro;2.34;com seguro
39711;MUNICIPIO DE ANGRA DOS REIS;2.25;com seguro;2.1;com seguro
39731;DEPARTAM MUN DE AGUA E ESGOTO-UBERLANDIA;1.98;com seguro;1.98;com seguro
39764;IBASCAF INST BENEF E ASSIST AOS SERV MUN DE CABO FRIO;2.12;com seguro;1.97;com seguro
39766;MUNICIPIO DE LAJEADO;2.06;com seguro;1.91;com seguro
39781;PREFEITURA MUNICIPAL DE IBATE;2.17;com seguro;2.02;com seguro
39782;INSTITUTO DE PREVIDENCIA MUNICIPAL;2.42;com seguro;2.27;com seguro
39819;MUNICIPIO DE UMUARAMA;2.09;com seguro;1.94;com seguro
39820;PREFEITURA MUNICIPAL DE CURVELO;1.99;com seguro;1.84;com seguro
39829;MUNICIPIO DE CAMPINA GRANDE DO SUL;2.66;com seguro;2.51;com seguro
39830;PREFEITURA MUNICIPAL DE MONTE MOR;2.04;com seguro;1.89;com seguro
39833;PREFEITURA MUNICIPAL DE TEOFILO OTONI;3.63;com seguro;3.43;com seguro
39838;MUNICIPIO DE BOM DESPACHO;2.3;com seguro;2.1;com seguro
39851;MUNICIPIO DE BARBALHA;2.09;com seguro;1.94;com seguro
39863;SAAESP-SERVICO AUTONOMO DE AGUA E E;2.07;com seguro;1.78;sem seguro
39872;INST DE PREVIDENCIA DOS SERVIDORES;2.28;com seguro;2.28;com seguro
39877;MUNICIPIO DE FRANCISCO MORATO;2.08;com seguro;1.93;com seguro
39902;MUNICIPIO DE PARANAGUA;2.35;com seguro;2.15;com seguro
39903;FUNDO DE PREVIDENCIA SOCIAL DO MUNI;1.93;com seguro;1.93;com seguro
39914;IPREMU - INST PREV DOS SERVID UBERLÃNDIA;2.08;com seguro;1.93;com seguro
39954;MUNICIPIO DE CAMETA;2.04;com seguro;1.89;com seguro
39958;INSTITUTO DE PREVIDENCIA DO MUNICIP;2.3;com seguro;2.15;com seguro
39959;MUNICIPIO DE SOCORRO;2.32;com seguro;2.17;com seguro
39960;ASSEMBLEIA LEGISLATIVA DO ESTADO DO PARA;2.1;com seguro;1.95;com seguro
39967;IPREBE - INSTITUTO DE PREVIDENCIA M;2.24;com seguro;2.09;com seguro
39971;MUNICIPIO DE SAO FELIX DO XINGU;3.23;com seguro;3.08;com seguro
39974;INSTITUTO DE PREVIDENCIA SOCIAL DOS;2.01;com seguro;1.81;com seguro
39981;FUNDO PREVIDENCIARIO DO MUNICIPIO DE LIMOEIRO;2.58;com seguro;2.38;com seguro
39985;MUNICIPIO DE BEZERROS;2.19;com seguro;2.04;com seguro
39988;MUNICIPIO DE MARACANAU;2.78;com seguro;2.58;com seguro
39989;MUNICIPIO DE ROLANDIA;2.01;com seguro;1.86;com seguro
39991;FUNDO PREVIDENCIARIO DO MUNICIPIO DE OURICURI;2.14;com seguro;2.09;com seguro
39996;FUNDO DE PREVIDENCIA DO MUNICIPIO D;2.35;com seguro;2.15;com seguro
40002;MUNICIPIO DE SANTOS DUMONT;2.61;com seguro;2.41;com seguro
40003;MUNICIPIO DE PASSIRA;2.49;com seguro;2.34;com seguro
40016;INSTITUTO DE PREVIDENCIA SOCIAL SER;2.75;com seguro;2.6;com seguro
40027;MUNICIPIO DE JUQUITIBA;4.34;com seguro;4.14;com seguro
40039;MUNICIPIO DE JEQUIE;2.24;com seguro;2.09;com seguro
40042;FUNDO MUN DE PREVID DO MUN DE PASSIRA;2.39;com seguro;2.19;com seguro
40047;FUNDO MUNICIPAL DE EDUCACAO;2.5;com seguro;2.5;com seguro
40057;JUSTICA FEDERAL DE PRIMEIRO GRAU NO;2.65;com seguro;2.45;com seguro
40073;MUNICIPIO DE PORTO SEGURO;2.81;com seguro;2.66;com seguro
40096;REGIME PRÃPRIO DE PREVID SOCIAL-ARCOPREV;2.47;com seguro;2.27;com seguro
40120;INSTITUTO DE BENEF E ASSIST DOS SER;2.08;com seguro;2.08;com seguro
40134;MUNICIPIO DE SORRISO;2.18;com seguro;2.03;com seguro
40168;FUNDO MUNICIPAL DE SAUDE;2.45;com seguro;2.3;com seguro
40170;INSTITUTO DE PREVIDENCIA DOS SERVID;2.37;com seguro;2.27;com seguro
40174;SERVICO FUNERARIO DO MUNICIPIO DE S;2.15;com seguro;2.0;com seguro
40185;MUNICIPIO DE CAMPO LARGO;2.08;com seguro;1.93;com seguro
40192;FUNDO MUNICIPAL DE ASSISTENCIA SOCI;2.27;com seguro;2.17;com seguro
40200;INSTITUTO DE PREVIDENCIA DE SANTO A;2.2;com seguro;2.05;com seguro
40201;MUNICIPIO DE MAMANGUAPE;2.06;com seguro;1.91;com seguro
40202;MUNICIPIO DE ABAETETUBA;2.74;com seguro;2.54;com seguro
40203;MUNICIPIO DE PONTE NOVA;2.35;com seguro;2.2;com seguro
40219;MUNICIPIO DE BIGUACU;2.01;com seguro;1.86;com seguro
40242;MUNICIPIO DE BARRA MANSA;2.26;com seguro;2.11;com seguro
40255;PREFEITURA MUNICIPAL DE JUNQUEIROPOLIS;3.68;com seguro;3.53;com seguro
40272;PREFEITURA MUNICIPAL DE POMBOS;2.38;com seguro;2.38;com seguro
40289;INSTITUTO PREVIDENCIA DOS SERVIDORE;1.99;com seguro;1.84;com seguro
40314;INSTITUTO DE PREVIDENCIA MUNICIPAL DE MAGDA;2.6;com seguro;2.6;com seguro
40317;MANAUS PREVIDENCIA - MANAUSPREV;2.25;com seguro;2.1;com seguro
40326;MUNICIPIO DE ALTA FLORESTA;2.3;com seguro;2.15;com seguro
40328;FUNDO PREVIDENCIARIO DOS SERVIDORES;2.1;com seguro;1.95;com seguro
40335;INSTITUTO DE PREVIDENCIA MUNICIPAL;2.28;com seguro;2.28;com seguro
40341;MUNICIPIO DE CAMBE;2.15;com seguro;2.0;com seguro
40348;MUNICIPIO DE MACAE;2.73;com seguro;2.63;com seguro
40350;MUNICIPIO DE ARACAJU;2.47;com seguro;2.32;com seguro
40353;MUNICIPIO DE IPATINGA;2.13;com seguro;1.98;com seguro
40372;SERVICO AUTONOMO DE AGUA E ESGOTO D;2.63;com seguro;2.48;com seguro
40375;SANEAMENTO AMBIENTAL DE VIRADOURO S;2.15;com seguro;2.15;com seguro
40392;INSTITUTO MUNICIPAL DE PREVIDENCIA;2.76;com seguro;2.56;com seguro
40425;DEPARTAMENTO MUNICIPAL DE TRANSITO;2.32;com seguro;2.17;com seguro
40426;MUNICIPIO DE CAXIAS;2.66;com seguro;2.46;com seguro
40427;INSTITUTO DE PREVIDENCIA DOS SERVID;2.88;com seguro;2.68;com seguro
40429;FUNDO MUNICIPAL DE ASSISTENCIA SOCI;2.25;com seguro;2.1;com seguro
40430;FUNDO MUNICIPAL DE EDUCACAO FME;2.22;com seguro;2.07;com seguro
40455;DEPARTAMENTO MUNICIPAL DE AGUA ESGO;2.16;com seguro;2.01;com seguro
40456;MUNICIPIO DE ITAPEVA;1.99;com seguro;1.84;com seguro
40461;FUNDO MUNICIPAL DE EDUCACAO;2.77;com seguro;2.62;com seguro
40555;MUNICIPIO DE ARROIO GRANDE;2.3;com seguro;2.1;com seguro
40559;MUNICIPIO DE NAVEGANTES;2.2;com seguro;2.0;com seguro
40560;MUNICIPIO DE FORMOSA;2.13;com seguro;2.03;com seguro
40576;MUNICIPIO DE JOAO MONLEVADE;2.69;com seguro;2.54;com seguro
40596;FUNDO DE PREVIDENCIA DO MUNICIPIO D;2.2;com seguro;2.2;com seguro
40605;MUNICIPIO DE PIRAPORA DO BOM JESUS;2.34;com seguro;2.19;com seguro
40608;MUNICIPIO DE CASTANHAL;2.05;com seguro;1.85;com seguro
40609;IPREJ - INST PREV DOS SERV MUN DE JEQUIE;2.25;com seguro;2.1;com seguro
40615;FUNDO MUNICIPAL DE EDUCACAO DE CAST;1.96;com seguro;1.86;com seguro
40620;MUNICIPIO DE RIO BRILHANTE;2.08;com seguro;1.93;com seguro
40625;MUNICIPIO DE MARACAJU;2.38;com seguro;2.18;com seguro
40642;MUNICIPIO DE ITAJUBA;2.17;com seguro;2.02;com seguro
40648;MUNICIPIO DE AQUIRAZ;2.4;com seguro;2.2;com seguro
40683;MUNICIPIO DE MEDIANEIRA;2.7;com seguro;2.5;com seguro
40702;MUNICIPIO DE GUAIBA;1.9;com seguro;1.9;com seguro
40710;MUNICIPIO DE SAO PEDRO DA ALDEIA;2.13;com seguro;1.98;com seguro
40711;FUNDO MUNICIPAL DE ASSISTENCIA SOCI;2.35;com seguro;2.15;com seguro
40719;MUNICIPIO DE TAUBATE;2.34;com seguro;2.19;com seguro
40723;MUNICIPIO DE CASTRO;2.11;com seguro;1.96;com seguro
40745;MUNICIPIO DE RIO VERDE;1.88;com seguro;1.84;sem seguro
40763;MUNICIPIO DE LEOPOLDINA;2.41;com seguro;2.41;com seguro
40764;MUNICIPIO DE CAICO;2.72;com seguro;2.52;com seguro
40780;MUNICIPIO DE ABREU E LIMA;2.37;com seguro;2.17;com seguro
40794;MUNICIPIO DE URUGUAIANA;3.28;com seguro;3.08;com seguro
40816;MUNICIPIO DE MARANGUAPE;2.1;com seguro;1.9;com seguro
40825;MUNICIPIO DE SIDROLANDIA;2.05;com seguro;1.9;com seguro
40826;MUNICIPIO DE CANARANA;2.19;com seguro;2.04;com seguro
40830;MUNICIPIO DE GOVERNADOR VALADARES;2.09;com seguro;1.94;com seguro
40831;MUNICIPIO DE ITABIRA;2.13;com seguro;1.98;com seguro
40832;FUNDO DE PREVIDENCIA SOCIAL DE BARR;2.19;com seguro;2.19;com seguro
40852;INSTITUTO DE PREVIDENCIA SOCIAL DO;1.98;com seguro;1.83;com seguro
40858;MUNICIPIO DE EUNAPOLIS;2.15;com seguro;2.0;com seguro
40862;MUNICIPIO DE UNAI;2.02;com seguro;1.82;com seguro
40943;INST PREV MUN MARINOPOLIS IPREM;2.35;com seguro;2.35;com seguro
40947;PREFEITURA MUNICIPAL DE TRES PONTAS;1.99;com seguro;1.99;com seguro
40969;MUNICIPIO DE VARGEM GRANDE PAULISTA;2.27;com seguro;2.07;com seguro
40977;MUNICIPIO DE OSASCO;3.28;com seguro;3.08;com seguro
40997;MUNICIPIO DE BALSAS;2.09;com seguro;1.94;com seguro
41014;MUNICIPIO DE PAULO AFONSO;2.79;com seguro;2.59;com seguro
41023;INSTITUTO DE PREVIDENCIA MUNICIPAL;2.5;com seguro;2.5;com seguro
41028;INST PREV SOCIAL MUN DE CAMPINAS-CAMPREV;2.85;com seguro;2.75;com seguro
41036;MUNICIPIO DE GURUPI;2.07;com seguro;1.92;com seguro
41064;MUNICIPIO DE SAO JOSE;2.64;com seguro;2.64;com seguro
41067;MUNICIPIO DE BOM JESUS;1.99;com seguro;1.84;com seguro
41154;TRIBUNAL REGIONAL DO TRABALHO 16 RE;1.99;com seguro;1.84;com seguro
41168;SERVICO AUTONOMO DE AGUA E ESGOTO;2.49;com seguro;2.49;com seguro
41178;MUNICIPIO DE JUARA;2.21;com seguro;2.01;com seguro
41179;MUNICIPIO DE SAPEZAL;2.0;com seguro;1.85;com seguro
41196;SANASA CAMPINAS;2.27;com seguro;2.07;com seguro
41206;MUNICIPIO DE DOIS VIZINHOS;3.16;com seguro;2.96;com seguro
41231;MUNICIPIO DE PARACATU;2.38;com seguro;2.18;com seguro
41256;SERVICO FEDERAL DE PROCESSAMENTO DE;2.65;com seguro;2.5;com seguro
41280;MUNICIPIO DE RUSSAS;2.75;com seguro;2.55;com seguro
41281;PREFEITURA MUNICIPAL DE BELA VISTA;2.26;com seguro;2.11;com seguro
41297;INSTITUTO DE PREVIDENCIA SOCIAL DOS;2.38;com seguro;2.18;com seguro
41307;INSTITUTO DE PREVIDENCIA E SEGURIDA;2.03;com seguro;1.88;com seguro
41316;MUNICIPIO DE ACAILANDIA;2.34;com seguro;2.19;com seguro
41323;INSTITUTO DE PREVIDENCIA MUNICIPAL;2.19;com seguro;2.04;com seguro
41324;MUNICIPIO DE TRINDADE;2.0;com seguro;1.85;com seguro
41332;MUNICIPIO DE PORTO NACIONAL;2.48;com seguro;2.33;com seguro
41336;MUNICIPIO DE NOVA MUTUM;2.25;com seguro;2.1;com seguro
41368;MUNICIPIO DE BLUMENAU;2.15;com seguro;2.15;com seguro
41382;MUNICIPIO DE ARIQUEMES;1.99;com seguro;1.84;com seguro
41385;MUNICIPIO DE VALPARAISO DE GOIAS;2.45;com seguro;2.4;com seguro
41389;TRINDADE PREV INST DE PREV DOS SERV;1.97;com seguro;1.97;com seguro
41390;MUNICIPIO DE MACEIO;4.49;com seguro;4.29;com seguro
41395;MUNICIPIO DE ALFENAS;2.15;com seguro;1.95;com seguro
41402;MUNICIPIO DE IRECE;2.37;com seguro;2.17;com seguro
41404;MUNICIPIO DE SANTANA;2.13;com seguro;1.98;com seguro
41422;PREVMMAR;2.6;com seguro;2.4;com seguro
41423;ASSEMBLEIA LEGISLATIVA DO EST S PAU;2.4;com seguro;2.25;com seguro
41426;INSTTITUTO DE PREVIDENCIA DO SERVID;3.35;com seguro;3.35;com seguro
41429;MUNICIPIO DE SANTA QUITERIA;2.18;com seguro;1.98;com seguro
41456;MUNICIPIO DE VARZEA GRANDE;2.14;com seguro;1.94;com seguro
41466;MUNICIPIO DE SANTO ANTONIO DE JESUS;2.42;com seguro;2.42;com seguro
41492;MUNICIPIO DE BACABAL;2.2;com seguro;2.05;com seguro
41493;FUNDO MUNICIPAL DE SAUDE DE BACABAL;1.98;com seguro;1.98;com seguro
41495;DEPARTAMENTO AUTONOMO DE AGUA E ESG;2.56;com seguro;2.36;com seguro
41505;MUNICIPIO DE ARACRUZ;2.24;com seguro;2.04;com seguro
41507;MUNICIPIO DE SINOP;1.95;com seguro;1.8;com seguro
41510;PREFEITURA MUNICIPAL DE LEME;2.13;com seguro;1.98;com seguro
41514;CAMARA MUNICIPAL DE SANTOS;2.84;com seguro;2.69;com seguro
41557;MUNICIPIO DE CACADOR;2.07;com seguro;1.92;com seguro
41602;INSTITUTO DE PREVIDENCIA SOCIAL DOS;2.16;com seguro;2.01;com seguro
41631;TRE PARANA;2.05;com seguro;2.05;com seguro
41635;INSTITUTO DE PREVIDENCIA MUNICIPAL;2.5;com seguro;2.5;com seguro
41643;MUNICIPIO DE GOIANIA;4.0;com seguro;4.0;com seguro
41654;MUNICIPIO DE CRATEUS;2.39;com seguro;2.19;com seguro
41659;MUNICIPIO DE SUMARE;2.5;com seguro;2.35;com seguro
41675;ESTADO DO ESPIRITO SANTO;2.21;com seguro;2.06;com seguro
41679;MUNICIPIO DE IMBITUBA;2.5;com seguro;2.3;com seguro
41697;MUNICIPIO DE SACRAMENTO;2.0;com seguro;2.0;com seguro
41698;PREFEITURA MUNICIPAL DE CAFELANDIA;2.51;com seguro;2.31;com seguro
41700;PREFEITURA MUNICIPAL DE MONTEIRO;2.2;com seguro;2.2;com seguro
41704;PREFEITURA MUNICIPAL DE SAO MATEUS DO SUL;1.97;com seguro;1.82;com seguro
41712;MUNICIPIO DE ARAUCARIA;2.27;com seguro;2.12;com seguro
41714;INST PREV DE S PEDRO DA ALDEIA-PREVISPA;2.42;com seguro;2.27;com seguro
41717;MUNICIPIO DE IPIAU;2.83;com seguro;2.63;com seguro
41718;FUNDO DE PREVIDENCIA SOCIAL DO MUNI;2.03;com seguro;1.88;com seguro
41725;MUNICIPIO DE TIANGUA;2.31;com seguro;2.16;com seguro
41743;FUNDACAO DE SAUDE PUBLICA SAO CAMIL;1.99;com seguro;1.84;com seguro
41752;MUNICIPIO DE TELEMACO BORBA;2.1;com seguro;1.95;com seguro
41828;MUNICIPIO DE SILVEIRAS;2.08;com seguro;1.93;com seguro
41833;MUNICIPIO DE RESENDE;2.07;com seguro;1.92;com seguro
41837;CAMPO LARGO CAMARA MUNICIPAL;2.41;com seguro;2.26;com seguro
41846;MUNICIPIO DE IGARAPE MIRI;2.28;com seguro;2.23;com seguro
41857;MUNICIPIO DE ARAGUAINA;2.04;com seguro;1.89;com seguro
41860;MUNICIPIO DE JANDIRA;2.35;com seguro;2.15;com seguro
41861;MUNICIPIO DE SANTA RITA;2.07;com seguro;1.92;com seguro
41948;MUNICIPIO DE SERRINHA;2.1;com seguro;1.9;com seguro
41967;PREFEITURA MUNICIPAL DE ITUMBIARA;3.02;com seguro;2.82;com seguro
41971;INSTITUTO MUNICIPAL DE PREVIDENCIA;2.13;com seguro;1.98;com seguro
41973;IPREV - INSTITUTO DE PREVIDENCIA DO;2.1;com seguro;1.95;com seguro
41975;MUNICIPIO DE JANAUBA;2.49;com seguro;2.29;com seguro
41981;MUNICIPIO DE SANTA CRUZ DO CAPIBARIBE;2.15;com seguro;2.15;com seguro
41984;MUNICIPIO DE BARRA DO GARÃAS;2.23;com seguro;2.03;com seguro
41985;TRIBUNAL DE CONTAS DO ESTADO DE SAO;2.08;com seguro;1.93;com seguro
42008;MUNICIPIO DE CARAPICUIBA;2.99;com seguro;2.79;com seguro
42009;MUNICIPIO DE PENEDO;2.04;com seguro;1.89;com seguro
42012;MPPE - PROCURADORIA GERAL DA JUSTICA;2.08;com seguro;2.08;com seguro
42017;PREFEITURA MUNICIPAL DE CATANDUVA;2.36;com seguro;2.21;com seguro
42019;VOTOPREV - FUND SEG SOC FUNC PUBL DO MUN;1.87;com seguro;1.87;com seguro
42028;MUNICIPIO DE QUIRINOPOLIS;2.07;com seguro;1.92;com seguro
42083;GOVERNO DO ESTADO DO CEARÃ;2.16;com seguro;2.06;com seguro
42087;MUNICIPIO DE GUARANTA DO NORTE;2.24;com seguro;2.04;com seguro
42092;MUNICIPIO DE OURO PRETO;2.53;com seguro;2.33;com seguro
42112;MUNICIPIO DE MONCAO;2.32;com seguro;2.32;com seguro
42115;FUNDO DE PREVIDENCIA SOCIAL DO MUNICIPIO DE FORMOSA;3.63;com seguro;3.43;com seguro
42118;MUNICIPIO DE SANTO ANTONIO DE PADUA;2.25;com seguro;2.05;com seguro
42135;MUNICIPIO DE SANTAREM;2.25;com seguro;2.25;com seguro
42136;MUNICIPIO DE CONFRESA;2.12;com seguro;1.92;com seguro
42143;MUNICIPIO DE CURRAIS NOVOS;2.15;com seguro;2.0;com seguro
42145;MUNICÃPIO DE COSMORAMA;2.05;com seguro;1.85;com seguro
42146;INSTITUTO DE PREVIDENCIA SOCIAL DOS;2.22;com seguro;2.22;com seguro
42147;MUNICIPIO DE ARMACAO DE BUZIOS;1.99;com seguro;1.84;com seguro
42159;MUNICIPIO DE PITANGUEIRAS;2.62;com seguro;2.62;com seguro
42171;MUNICIPIO DE JARU;2.01;com seguro;1.86;com seguro
42173;PREFEITURA MUNICIPAL DE COLOMBO;1.97;com seguro;1.97;com seguro
42178;MUNICIPIO DE SEABRA;2.25;com seguro;2.1;com seguro
42180;MUNICIPIO DE JACOBINA;2.06;com seguro;1.91;com seguro
42183;SERVICO MUNICIPAL DE SANEAMENTO AMB;2.51;com seguro;2.31;com seguro
42190;MUNICIPIO DE GOIANESIA;3.41;com seguro;3.21;com seguro
42192;PREFEITURA MUNICIPAL DE SANTO ANTONIO DA PLATINA;2.3;com seguro;2.1;com seguro
42203;IMPREVI INSTITUTO MUNICIPAL PREVIDE;2.5;com seguro;2.3;com seguro
42204;JUSTICA FEDERAL DE PRIMEIRO GRAU NO;2.55;com seguro;2.35;com seguro
42205;MUNICIPIO DE VILHENA;2.0;com seguro;1.85;com seguro
42210;PREFEITURA MUNICIPAL DE MAUA;2.3;com seguro;2.15;com seguro
42222;MUNICIPIO DE MAGE;2.1;com seguro;1.95;com seguro
42232;MUNICIPIO DE COLIDER;2.54;com seguro;2.34;sem seguro
42243;FUNDO DE PREVIDENCIA SOCIAL DO MUNI;2.5;com seguro;2.5;com seguro
42244;MUNICIPIO DE ITAPETINGA;2.2;com seguro;2.0;com seguro
42245;MUNICIPIO DE AQUIDAUANA;2.28;com seguro;2.08;com seguro
42247;MUNICIPIO DE JOAO PINHEIRO;2.06;com seguro;1.91;com seguro
42252;MUNICIPIO DE PIMENTA BUENO;2.02;com seguro;1.82;com seguro
42255;MUNICIPIO DE BOA VISTA;3.22;com seguro;3.02;com seguro
42256;MUNICIPIO DE RONDON DO PARA;2.36;com seguro;2.21;com seguro
42282;INSTITUTO DE ASSISTÃNCIA E PREVIDÃNCIA MUNICIPAL GUARABIRA - PB;2.55;com seguro;2.4;com seguro
42283;PREFEITURA MUNICIPAL DE PARAGOMINAS;2.53;com seguro;2.33;com seguro
42286;MUNICÃPIO DE PETROLINA;2.03;com seguro;1.88;com seguro
42300;INST DE PREV E ASSIST DO SERV P C D;2.33;com seguro;2.13;com seguro
42301;TRIBUNAL DE JUSTICA DO ESTADO DO ACRE;2.26;com seguro;2.06;com seguro
42303;MUNICIPIO DE PEDRO II;2.6;com seguro;2.6;com seguro
42311;MUNICÃPIO DE PORANGATU;2.16;com seguro;2.01;com seguro
42315;PREFEITURA MUNICIPAL DE VICENCIA;2.2;com seguro;2.05;com seguro
42341;MUNICIPIO DE MANACAPURU;2.56;com seguro;2.41;com seguro
42348;MUNICIPIO DE PATOS;2.27;com seguro;2.12;com seguro
42349;MUNICIPIO DE INHUMAS;3.24;com seguro;3.09;com seguro
42353;PREFEITURA MUNICIPAL DE FLORESTA;2.5;com seguro;2.5;com seguro
42354;MUNICIPIO DE PICOS - SECRETARIA DE SAUDE;2.1;com seguro;2.1;com seguro
42355;MUNICIPIO DE PICOS - SECRETARIA DE EDUCAÃÃO;2.52;com seguro;2.52;com seguro
42358;MINISTERIO PUBLICO ESTADUAL MATO GROSSO DO SUL;2.15;com seguro;1.95;com seguro
42359;INSTITUTO DE PREVIDENCIA SOCIAL DOS;2.05;com seguro;2.05;com seguro
42360;MUNICIPIO DE TAUA;2.65;com seguro;2.45;com seguro
42367;TRIBUNAL DE JUSTICA DO ESTADO DE MA;2.11;com seguro;1.91;com seguro
42406;MUNICIPIO DE DOM ELISEU;2.04;com seguro;1.89;com seguro
42407;MUNICIPIO DE IPORA;2.07;com seguro;1.92;com seguro
42414;INSTITUTO MUNICIPAL DE PREVIDENCIA;2.07;com seguro;2.07;com seguro
42430;INSTITUTO DE PREVIDENCIA MUNICIPAL;2.27;com seguro;2.12;com seguro
42440;MUNICIPIO DE TRAIRI;3.6;com seguro;3.4;com seguro
42453;INSTITUTO DE PREVIDENCIA DOS SERVID;2.21;com seguro;2.06;com seguro
42465;MUNICIPIO DE CASIMIRO DE ABREU;2.2;com seguro;2.05;com seguro
42476;MUNICIPIO DE CAMPO NOVO DO PARECIS;2.13;com seguro;1.98;com seguro
42482;FUNDO DE APOSENTADORIA E PENSOES - FAP;2.34;com seguro;2.19;com seguro
42485;MUNICIPIO DE APODI;2.17;com seguro;2.02;com seguro
42487;PREF MUN DE CEARA MIRIM;2.46;com seguro;2.26;com seguro
42489;PREFEITURA MUNICIPAL DE ÃGUA BOA -MT;2.17;com seguro;2.17;com seguro
42490;PREFEITURA MUNICIPAL DE SAO JOSE DE;2.05;com seguro;1.9;com seguro
42491;MUNICIPIO DE SAO GABRIEL DO OESTE;2.08;com seguro;1.93;com seguro
42531;MUNICIPIO DE PARAISO DO TOCANTINS;2.34;com seguro;2.14;com seguro
42532;MUNICIPIO DE ROLIM DE MOURA;2.14;com seguro;1.99;com seguro
42535;PREFEITURA MUNICIPAL DE LUZIANIA;2.19;com seguro;1.99;com seguro
42536;PREVIDENCIA SOCIAL DO MUNICIPIO DE;2.3;com seguro;2.15;com seguro
42538;IPSEMA INST PREV SOCIAL SERV AÃAILANDIA;2.27;com seguro;2.27;com seguro
42545;FUNDACAO UNIVERSIDADE REGIONAL DE B;2.25;com seguro;2.25;com seguro
42546;GURUPI PREV INSTITUTO DE PREVIDENCI;2.16;com seguro;2.01;com seguro
42580;INSTITUTO DE PREVIDENCIA DOS SERVID;2.56;com seguro;2.56;com seguro
42581;INSTITUTO DE PREVIDENCIA DE JUAZEIR;2.47;com seguro;2.27;com seguro
42588;MUNICIPIO DE MACAPA;2.8;com seguro;2.8;com seguro
42591;INST PREV DOS SERV PUBL DO MUN MESQUITA;2.3;com seguro;2.15;com seguro
42594;MUNICIPIO DE UBIRATA;2.36;com seguro;2.16;com seguro
42602;MUNICIPIO DE ANANINDEUA;2.37;com seguro;2.37;com seguro
42603;MUNICIPIO DE PIRES DO RIO;2.55;com seguro;2.35;com seguro
42637;INSTIT DE PREVID DOS SERVID PUBLICO;2.12;com seguro;1.97;com seguro
42638;PREFEITURA MUNICIPAL DE LAGOA SANTA;2.35;com seguro;2.15;com seguro
42672;MUNICIPIO DE XINGUARA;2.73;com seguro;2.73;com seguro
42678;PREFEITURA CHAPADINHA;2.08;com seguro;1.93;com seguro
42679;INSTITUTO DE PREVIDENCIA DE CHAPADINHA;2.13;com seguro;1.98;com seguro
42691;REGIME PROPRIO DE PREVIDENCIA SOCIA;2.37;com seguro;2.37;com seguro
42692;FUNDO MUNICIPAL DE SAUDE DE CASTELO;2.3;com seguro;2.3;com seguro
42699;MUNICIPIO DE CASTELO;2.43;com seguro;2.23;com seguro
42804;MUNICIPIO DE DELMIRO GOUVEIA;2.35;com seguro;2.15;com seguro
42812;SERV AUTON AGUA ESG IGARACU TIE;2.46;com seguro;2.46;com seguro
42818;PREFEITURA MUNICIPAL DE IGARAÃU DO TIETÃ;2.31;com seguro;2.11;com seguro
42819;PREFEITURA MUNICIPAL DE FLORIDA PAULISTA;2.55;com seguro;2.55;com seguro
42820;INSTITUTO DE PREVIDENCIA SOCIAL DO MUNICIPIO DE MACAE;2.14;com seguro;1.94;com seguro
42834;INSTITUTO MUNICIPAL DE PREVIDENCIA SOCIAL DE QUATA;2.2;com seguro;2.2;com seguro
42844;CAMARA MUNICIPAL DE ARACATUBA;2.73;com seguro;2.23;sem seguro
42845;DEFENSORIA PUBLICA GERAL DO ESTADO DE MATO GROSSO DO SUL;2.1;com seguro;2.1;sem seguro
42893;MUNICIPIO DE PORTO ALEGRE;1.93;com seguro;1.73;com seguro
42902;INSTITUTO DE PREVIDENCIA MUNICIPAL DE GOV. VALADARES;2.11;com seguro;1.91;com seguro
42981;PREFEITURA MUNICIPAL DE TOUROS;2.21;com seguro;2.01;com seguro
42982; INST PREV SOCIAL DOS SERVID MUN HUMAITA;2.46;com seguro;2.46;com seguro
42985;DEFENSORIA PUBLICA DO ESTADO DO TOCANTINS;2.56;com seguro;2.36;com seguro
43001;MUNICIPIO DE COXIM;2.05;com seguro;1.9;com seguro
43081;MUNICIPIO DE CONCEICAO DO COITE;2.67;com seguro;2.47;com seguro
43147;MUNICIPIO DE ASSU;2.23;com seguro;2.23;com seguro
43149;MUNICIPIO DE COLINAS DO TOCANTINS;2.25;com seguro;2.1;com seguro
43190;INSTITUTO DE PREVIDENCIA DOS MUNICIPIARIOS DE CATANDUVA;2.15;com seguro;2.0;com seguro
43212;MUNICIPIO DE PALMAS - PR;2.03;com seguro;2.03;com seguro
43237;SERVICO AUTONOMO DE AGUA E ESGOTO DE COLINA;2.45;com seguro;2.45;com seguro
43250;COMPANHIA DE AGUAS E ESGOTOS DO RIO GRANDE DO NORTE;2.13;com seguro;2.13;com seguro
43268;PREFEITURA MUNICIPAL DE PRATANIA;2.4;com seguro;2.2;com seguro
43271;IPASLUZ SAUDE;2.3;com seguro;2.15;com seguro
43272;FUNDO MUNICIPAL DE SAUDE DE MAMANGU;2.7;com seguro;2.55;com seguro
43273;SUPERINTENDENCIA MUNICIPAL DE TRANS;2.2;com seguro;2.2;com seguro
43275;FUNDO MUNICIPAL DE SAUDE;2.22;com seguro;2.22;com seguro
43358;MUNICIPIO DE SAO FRANCISCO DO SUL;2.06;com seguro;1.86;com seguro
43401;MUNICIPIO DE JUINA;2.47;com seguro;2.27;com seguro
43404;MUNICIPIO DE LENCOIS PAULISTA;3.41;com seguro;3.26;com seguro
43464;AMAPA PREVIDENCIA - AMPREV;2.35;com seguro;2.2;com seguro
43469;FUNDO MUNICIPAL DE ASSISTENCIA SOCI;2.14;com seguro;2.14;com seguro
43487;MUNICIPIO DE BRUMADO;2.24;com seguro;2.09;com seguro
43498;MUNICIPIO DE SAO JOAO DA BARRA;2.33;com seguro;2.13;com seguro
43535;INSTITUTO DE PREVIDENCIA SOCIAL DOS SERVIDORES MUNICIPAIS DE DOM ELISEU;2.28;com seguro;2.13;com seguro
43547;INSTITUTO DE PREVIDENCIA SOCIAL DOS;2.38;com seguro;2.23;com seguro
43553;PROCURADORIA GERAL DE JUSTICA DO ESTADO DO AMAZONAS;3.08;com seguro;3.08;com seguro
43554;INST PREV E ASSIST SERV RIO VERDE-IPARV;2.87;com seguro;2.87;com seguro
43591;SECRETARIA MUNICIPAL DE ADMINISTRAC;2.4;com seguro;2.2;com seguro
43597;PROCURADORIA GERAL DE JUSTICA DO ES;2.66;com seguro;2.46;com seguro
43608;INSTITUTO DE PREVIDENCIA MUNICIPAL;2.15;com seguro;2.0;com seguro
43629;IPASVAL-INST DE PREV E ASS DOS SERV;2.35;com seguro;2.35;com seguro
43639;FUNDO MUNICIPAL DE SEGURIDADE SOCIAL DE MACAUBAL;2.18;com seguro;2.18;com seguro
43654;PREFEITURA MUNICIPAL DE RANCHARIA;2.23;com seguro;2.08;com seguro
43655;CAPSMAR - CAIXA DE APOSENT E PREVID DOS SERV PUBL MUNIC DE ARANDU;2.63;com seguro;2.48;com seguro
43656;MUNICIPIO DE SAO MIGUEL;2.23;com seguro;2.08;com seguro
43664;MUNICIPIO DO CABO DE SANTO AGOSTINHO;1.96;com seguro;1.81;com seguro
43703;INST PREVID DOS SERVIDORES MUNICIPAIS DE CABEDELO;2.4;com seguro;2.3;com seguro
43707;SECRETARIA MUNICIPAL DE ADMINISTRAC;2.06;com seguro;1.91;com seguro
43914;FUNDO PREVIDENCIARIO DO MUNICIPIO DE SAO LOURENCO DA MATA;2.23;com seguro;2.23;com seguro
43931;INSTITUTO MUNICIPAL DE PREVIDENCIA DOS SERVIDORES DE COXIM;2.45;com seguro;2.3;com seguro
43936;INSTITUTO DE PREVIDENCIA SOCIAL DOS SERVIDORES MUNICIPAIS DE SAO ROQUE;2.4;com seguro;2.25;com seguro
43945;MUNICIPIO DE LINHARES;2.05;com seguro;1.9;com seguro
43963;FUNDO PREVIDENCIARIO DO MUNICIPIO DE TAMBAU - FUPREVIT;1.99;com seguro;1.84;com seguro
43965;MUNICIPIO DE OLIVEIRA;2.33;com seguro;2.18;com seguro
44033;CAIXA DE PREVIDENCIA E ASSISTENCIA DOS SERV.MUN. DE SANTANA DE PARNAIBA;1.83;com seguro;1.68;com seguro
44050;MUNICIPIO DE GRAVATA;2.28;com seguro;2.28;com seguro
44061;MUNICIPIO DE VICOSA;2.05;com seguro;1.95;com seguro
44068;MUNICIPIO DE LUCAS DO RIO VERDE;1.95;com seguro;1.9;com seguro
44071;INSTITUTO DE PREVIDENCIA DOS SERVIDORES MUNICIPAIS DE VITORIA DE SANTO ANTAO;2.23;com seguro;2.23;com seguro
44135;INST. PREV. SOCIAL DOS SERV. PUBL. MUNIC. DE ROLIM DE MOURA;2.22;com seguro;2.07;com seguro
