codigo_convenio;nome_convenio;com_menor_taxa_valor;com_maior_taxa_valor;sem_menor_taxa_valor;sem_maior_taxa_valor;tem_com_seguro;tem_sem_seguro
30;MUNICIPIO DE CHAPADAO DO SUL;2.02;2.22;2.32;2.42;sim;sim
97;TRIBUNAL REGIONAL ELEITORAL DO RIO DE JANEIRO;2.1;2.3;2.4;2.5;sim;sim
125;TRIBUNAL REGIONAL DO TRABALHO DA 2A REGIAO;1.91;2.06;2.16;2.26;sim;sim
127;TRIBUNAL REGIONAL DO TRABALHO DA 01A REGIAO;1.9;2.05;2.15;2.25;sim;sim
145;MINISTERIO PUBLICO DO ESTADO DO AMAPA;2.26;2.46;2.56;2.66;sim;sim
191;TRIBUNAL DE JUSTICA DO ESTADO DO PARA;1.9;2.1;2.2;2.3;sim;sim
279;TRIBUNAL REGIONAL ELEITORAL DO RIO GRANDE DO SUL;2.25;2.4;2.5;2.6;sim;sim
438;MINISTERIO DA AERONAUTICA;2.3;2.45;2.55;2.65;sim;sim
853;GOVERNO DO ESTADO DO AMAPA;2.25;2.45;2.55;2.65;sim;sim
862;TRIBUNAL REGIONAL DO TRABALHO 14A REGIAO;1.95;2.1;2.2;2.3;sim;sim
864;TRIBUNAL REGIONAL DO TRABALHO 12A REGIAO;2.15;2.3;2.4;2.5;sim;sim
872;TRIBUNAL REGIONAL ELEITORAL DO ESTADO DO TOCANTINS;2.88;3.03;3.13;3.23;sim;sim
914;TRIBUNAL REGIONAL DO TRABALHO DA 11 REGIAO;2.25;2.4;2.5;2.6;sim;sim
1011;TOCANTINS PROCURADORIA GERAL DA JUSTICA;2.64;2.79;2.89;2.99;sim;sim
1014;TRIBUNAL DE JUSTICA DO ESTADO DO TOCANTINS;2.11;2.26;2.36;2.46;sim;sim
1015;TRIBUNAL DE CONTAS DO ESTADO DO TOCANTINS;2.59;3.14;3.24;3.34;sim;sim
1021;ASSEMBLEIA LEGISL DO EST TOCANTINS;2.15;2.35;2.45;2.55;sim;sim
1058;PREFEITURA MUNICIPAL DE CAETE;2.2;2.4;2.5;2.6;sim;sim
1065;PREFEITURA MUNICIPAL DE VESPASIANO;1.96;2.11;2.21;2.31;sim;sim
1106;TRIBUNAL DE JUSTICA DO ESTADO DO AMAPA;2.09;2.24;2.34;2.44;sim;sim
1142;JUSTICA FEDERAL DE PRIMEIRO GRAU NO;2.25;2.4;2.5;2.6;sim;sim
1152;NITEROI PREV;2.1;2.3;2.4;2.5;sim;sim
1216;ASSEMBLEIA LEGISLATIVA DO EST DA PARAIBA;2.25;2.4;2.5;2.6;sim;sim
1238;GOVERNO DO ESTADO DA PARAIBA;2.0;2.15;2.25;2.35;sim;sim
1241;TRIBUNAL DE CONTAS DO ESTADO DA PARAIBA;2.25;2.4;2.5;2.6;sim;sim
1242;TRIBUNAL DE JUSTICA DO ESTADO DA PARAIBA;1.98;2.13;2.23;2.33;sim;sim
1243;UNIVERSIDADE ESTADUAL DA PARAIBA;2.03;2.18;2.28;2.38;sim;sim
1276;TRIBUNAL DE CONTAS DO ESTADO PARA;2.45;2.65;2.75;2.85;sim;sim
1297;TRIBUNAL DE JUSTIÃA DE RORAIMA;2.01;2.16;2.26;2.36;sim;sim
1355;PREF MUNICIPAL DE BARRA DO PIRAI;1.94;2.09;2.19;2.29;sim;sim
1451;PREFEITURA MUNICIPAL DE RIO BRANCO;2.86;3.16;2.96;3.26;sim;sim
1473;PREFEITURA MUNICIPAL DE CAMBUI;2.24;2.44;2.54;2.64;sim;sim
1633;PREFEITURA MUNICIPAL DE CONGONHAS;2.02;2.22;2.32;2.42;sim;sim
1638;PREFEITURA MUNICIPAL DE CRUZILIA;2.25;2.4;2.5;2.6;sim;sim
1690;PREFEITURA MUNICIPAL DE CORNELIO PROCOPIO;2.53;2.73;2.83;2.93;sim;sim
1857;CAMPANHA PREFEITURA;2.25;2.4;2.5;2.6;sim;sim
1941;PREFEITURA DO MUNICIPIO DE CORDEIROPOLIS;2.28;2.48;2.58;2.68;sim;sim
1961;PREFEITURA MUNICIPAL DE AVARE;2.49;2.69;2.79;2.89;sim;sim
2005;PREFEITURA MUNICIPAL DE SANTA RITA DO SAPUCAI;2.2;2.2;2.3;2.4;sim;sim
2042;CAMARA MUNICIPAL DA ESTANCIA BALNEARIA DE PRAIA GRANDE;2.25;2.4;2.5;2.6;sim;sim
2077;PREFEITURA MUNICIPAL DE ITU;2.4;2.55;2.65;2.75;sim;sim
2151;INST DE APOSENT E PENSAO DOS SERV PUB DO MUNIC DE GARCA;2.3;2.45;2.55;2.65;sim;sim
2159;SERVICO AUTONOMO DE AGUAS E ESGOTOS;2.3;2.45;2.55;2.65;sim;sim
2181;PREFEITURA MUNICIPAL DE CONTAGEM;2.23;2.38;2.48;2.58;sim;sim
2213;PREFEITURA MUNICIPAL DE NOVA LIMA;1.89;2.04;2.14;2.24;sim;sim
2239;FUNEC CONTAGEM - FUND ENSINO DE CONTAGEM;2.14;2.34;2.44;2.54;sim;sim
2269;CENTRO UNIVERSITARIO DE FRANCA;2.2;2.4;2.5;2.6;sim;sim
2295;PREFEITURA MUNICIPAL DE ITABUNA;2.5;2.7;2.8;2.9;sim;sim
3585;PREFEITURA MUNICIPAL DE SAO SEBASTIAO DO PARAISO;2.85;3.0;3.1;3.2;sim;sim
3648;PREFEITURA MUNICIPAL DE BARUERI;2.42;2.62;2.72;2.82;sim;sim
3737;PREFEITURA MUNICIPAL DE BIRIGUI;1.94;2.09;2.19;2.29;sim;sim
3861;PREFEITURA MUNICIPAL DE IPERO;2.06;2.26;2.36;2.46;sim;sim
3918;PARANAIBA PREFEITURA MUNICIPAL - PG;1.91;2.06;2.16;2.26;sim;sim
4026;TRIBUNAL REGIONAL DO TRABALHO DA 5 A REGIAO;2.45;2.6;2.65;2.75;sim;sim
4098;PREFEITURA MUNICIPAL DE GARCA;1.93;2.13;2.23;2.33;sim;sim
4267;PREFEITURA MUNICIPAL DE JAGUARIUNA;2.01;2.16;2.26;2.36;sim;sim
4278;PREFEITURA MUNICIAPAL DE PENAPOLIS;2.35;2.55;2.65;2.75;sim;sim
4287;FIEB FUNDACAO INSTITUTO DE EDUCACAO;1.96;2.16;2.26;2.36;sim;sim
4325;PREFEITURA MUNICIPAL DE CAMPO MOURAO;2.2;2.4;2.5;2.6;sim;sim
4386;PREFEITURA MUNICIPAL DE VALINHOS;1.91;2.06;2.16;2.26;sim;sim
4404;CAMARA MUNICIPAL DE SALVADOR;2.1;2.25;2.35;2.45;sim;sim
4489;PREFEITURA MUNICIPAL DE BELO HORIZONTE;2.3;2.45;2.55;2.65;sim;sim
4521;GOVERNO DO ACRE;1.95;2.1;2.2;2.3;sim;sim
4560;SURG COMPANHIA DE SERVICOS DE URBAN;2.3;2.45;2.55;2.65;sim;sim
4561;PREFEITURA MUNICIPAL DE GUARAPUAVA;2.27;2.47;2.57;2.67;sim;sim
4565;EMPRESA MUNICIPAL DE AGUAS E SANEAM;2.1;2.3;2.4;2.5;sim;sim
4605;PREFEITURA MUNICIPAL DE NEPOMUCENO;2.17;2.32;2.42;2.52;sim;sim
4606;SERVICO AUTONOMO DE AGUA E ESGOTO DE TAQUARITINGA;2.1;2.3;2.4;2.5;sim;sim
4623;PREFEITURA MUNICIPAL DE GUARABIRA;2.17;2.32;2.42;2.52;sim;sim
4642;PREFEITURA MUNICIPAL DE IBIRITE;2.32;2.52;2.62;2.72;sim;sim
4719;PREFEITURA MUNICPAL DE CARAGUATATUBA;2.26;2.41;2.51;2.61;sim;sim
4875;MUNICIPIO DE MESQUITA;2.13;2.28;2.38;2.48;sim;sim
4877;INSTITUTO DE PREVIDENCIA DE GARANHUNS;3.28;3.43;3.53;3.63;sim;sim
5024;PREFEITURA MUNICIPAL DE TABOAO DA SERRA;1.94;2.09;2.19;2.29;sim;sim
5062;PREFEITURA MUNICIPAL DE SANTANA DE PARNAIBA;2.0;2.15;2.25;2.35;sim;sim
5079;TRIBUNAL REGIONAL ELEITORAL DO AMAPA;2.15;2.35;2.45;2.55;sim;sim
5193;PREFEITURA MUNICIPAL DE PETROLANDIA;2.41;2.61;2.71;2.81;sim;sim
5382;INST DE PREV DOS SERV PUB MUN GUARAPUAVA;1.88;2.03;2.13;2.23;sim;sim
5562;MINISTERIO PUBLICO DO ESTADO DO RIO GRANDE DO NORTE;2.25;2.4;2.5;2.6;sim;sim
5663;CARAGUAPREV;1.88;2.03;2.13;2.23;sim;sim
5676;TRIBUNAL REGIONAL DO TRABALHO DA 24A REGIAO;1.88;2.03;2.13;2.23;sim;sim
5715;SERVICO AUTONOMO DE AGUA E ESGOTO DE ITAPOLIS;2.74;2.89;2.99;3.09;sim;sim
5738;MINISTERIO PUBLICO DO ESTADO DO PARA;2.4;2.6;2.7;2.8;sim;sim
5739;INSTITUTO DE GESTAO PREVIDENCIARIA DO ESTADO DO TOCANTINS;2.15;2.3;2.4;2.5;sim;sim
6225;TRIBUNAL REGIONAL DO TRABALHO 18A REGIAO;2.33;2.53;2.63;2.73;sim;sim
6334;INSTITUTO DE PREVIDENCIA DE IGARASSU;1.88;2.03;2.13;2.23;sim;sim
7024;PREFEITURA MUNICIPAL DE CASSILANDIA;2.5;2.7;2.8;2.9;sim;sim
10033;ASSEMBLEIA LEGISLATIVA DO ESTADO DE PERNAMBUCO;2.2;2.3;2.5;2.6;sim;sim
10142;PREFEITURA MUNICIPAL DE ARARIPINA;2.07;2.22;2.32;2.42;sim;sim
10152;PREFEITURA DE CAMARAGIBE;1.98;2.13;2.23;2.33;sim;sim
10176;PREFEITURA MUNICIPAL DE LIMOEIRO;2.53;2.73;2.83;2.93;sim;sim
10181;PREFEITURA MUNICIPAL DE OURICURI;2.24;2.39;2.49;2.59;sim;sim
10182;PREFEITURA MUNICIPAL DE PAUDALHO;2.53;2.73;2.83;2.93;sim;sim
10183;MUNICIPIO DE PAULISTA;1.9;2.05;2.15;2.25;sim;sim
10197;PREFEITURA MUNICIPAL DE SANTA MARIA DA BOA VISTA;1.97;2.12;2.22;2.32;sim;sim
10261;PREFEITURA MUNICIPAL DE CABROBO;2.02;2.17;2.27;2.37;sim;sim
10316;PREFEITURA MUNICIPAL SALGUEIRO;1.86;2.01;2.11;2.21;sim;sim
10318;AUTARQUIA EDUCACIONAL DE SALGUEIRO;2.04;2.24;2.34;2.44;sim;sim
10319;PREFEITURA JOAQUIM NABUCO;3.21;3.21;3.41;3.41;sim;sim
10396;INST DE PREV SOC MUN ESCADA-ESCADAPREVI;2.22;2.37;2.47;2.57;sim;sim
10447;FUNDO PREVIDRIO DO MUNICIPIO DE PAULISTA;2.2;2.4;2.5;2.6;sim;sim
12072;JUSTICA FEDERAL DE PRIMEIRO GRAU NO PARA;2.2;2.4;2.5;2.6;sim;sim
12081;TRIBUNAL REGIONAL ELEITORAL DE SAO;2.16;2.31;2.41;2.51;sim;sim
12085;TRIBUNAL REGIONAL DO TRABALHO 6 REGIAO;2.1;2.3;2.4;2.5;sim;sim
12096;CAMARA MUNICIPAL DE JUQUIA;2.3;2.45;2.55;2.65;sim;sim
12306;TRIBUNAL DE JUSTICA DO ESTADO DE MATO GROSSO DO SUL;2.75;2.95;3.05;3.15;sim;sim
12354;AMAZONAS ASSEMBLEIA LEGISLATIVA;1.93;2.08;2.18;2.28;sim;sim
12381;TRIBUNAL DE JUSTICA DO MARANHAO;1.92;2.07;2.17;2.27;sim;sim
12500;TRIBUNAL DE JUSTICA DO ESTADO DE SERGIPE;2.27;2.42;2.52;2.62;sim;sim
12703;PREFEITURA MUNICIPAL ESTANCIA BALNEARIA ILHABELA;2.01;2.16;2.26;2.36;sim;sim
12752;CAMARA MUNICIPAL DE SAO BERNARDO DO CAMPO;2.12;2.27;2.37;2.47;sim;sim
12776;CAMARA MUNICIPAL DE RIO CLARO;2.2;2.35;2.45;2.55;sim;sim
12959;PREFEITURA MUNICIPAL DE ILHA COMPRIDA;2.02;2.17;2.27;2.37;sim;sim
13179;JUSTICA FEDERAL DE PRIMEIRO GRAU NO PIAUI;2.27;2.42;2.52;2.62;sim;sim
13192;TRIBUNAL REGIONAL ELEITORAL DE MATO GROSSO DO SUL;2.44;2.64;2.74;2.84;sim;sim
13195;TRIBUNAL REGIONAL ELEITORAL DO AMAZONAS;2.25;2.4;2.5;2.6;sim;sim
13764;PREFEITURA MUNICIPAL DE REGISTRO;2.1;2.25;2.35;2.45;sim;sim
13959;TRIBUNAL REGIONAL ELEITORAL DO RIO GRANDE DO NORTE;2.58;2.73;2.83;2.93;sim;sim
20080;PREFEITURA MUNICIPAL DE GAVIAO PEIXOTO;2.25;2.4;2.5;2.6;sim;sim
20082;PREFEITURA MUNICIPAL DE ORINDIUVA;2.25;2.4;2.5;2.6;sim;sim
20083;PREFEITURA MUNICIPAL DE AMERICO DE CAMPOS;2.28;2.48;2.58;2.68;sim;sim
20084;PREFEITURA MUNICIPAL DE ARARAQUARA;1.95;2.1;2.2;2.3;sim;sim
20086;PREFEITURA MUNICIPAL DE CRISTAIS PAULISTA;2.25;2.4;2.5;2.6;sim;sim
20087;PREFEITURA MUNICIPAL DE PORTO FERREIRA;2.18;2.38;2.48;2.58;sim;sim
20089;PREFEITURA MUNICIPAL DE SANTA RITA DO PASSA QUATRO;2.79;2.99;3.09;3.19;sim;sim
20090;PREFEITURA MUNICIPAL DE MACAUBAL;2.13;2.28;2.38;2.48;sim;sim
20096;PREFEITURA MUNICIPAL DE RIBEIRAO PRETO;2.09;2.24;2.34;2.44;sim;sim
20131;TRIBUNAL DE CONTAS DA UNIAO;2.66;2.86;2.96;3.06;sim;sim
20141;SUPERIOR TRIBUNAL MILITAR;2.03;2.23;2.33;2.43;sim;sim
20146;TRIBUNAL SUPERIOR DO TRABALHO;2.35;2.55;2.65;2.75;sim;sim
20149;CAMARA DOS DEPUTADOS;1.87;2.02;2.12;2.22;sim;sim
20150;SUPREMO TRIBUNAL FEDERAL;2.25;2.45;2.55;2.65;sim;sim
20151;TRIBUNAL DE JUSTICA DISTRITO FEDEREAL E TERRITORIOS;2.35;2.55;2.65;2.75;sim;sim
20159;STAFEPREV - INST MUN DE PREVID SOCIAL;2.4;2.5;2.65;2.7;sim;sim
20171;FUNDACAO MUNICIPAL DE SAUDE DE RIO CLARO;2.04;2.14;2.29;2.34;sim;sim
20205;TRIB REGIONAL DO TRABALHO DA 3 REGIAO;2.25;2.4;2.5;2.6;sim;sim
20208;INST PREV SERV MUN HORTOLANDIA-HORTOPREV;1.95;2.05;2.2;2.25;sim;sim
20243;MINISTERIO PUBLICO DO ESTADO DE SAO PAULO;3.7;3.8;3.95;4.0;sim;sim
20256;PREFEITURA MUNICIPAL DE VITORIA BRASIL;2.85;3.0;3.1;3.2;sim;sim
20257;PREFEITURA MUNICIPAL DE SANTA SALETE;2.43;2.53;2.68;2.73;sim;sim
20258;PREFEITURA MUNICIPAL DE OUROESTE;2.02;2.12;2.27;2.32;sim;sim
20324;INST DE PREV MUN DE GENERAL SALGADO;2.85;3.0;3.1;3.2;sim;sim
20345;TRIBUNAL REGIONAL DO TRABALHO DA 4 REGIAO;2.15;2.25;2.4;2.45;sim;sim
20421;CORPO DE BOMBEIROS MILIT MINAS GERAIS;2.18;2.28;2.43;2.48;sim;sim
20423;INSTITUTO DE PREV DOS SERVIDORES MUNICIPAIS DE NOVA IGUACU;1.96;2.06;2.21;2.26;sim;sim
20450;TRIBUNAL REGIONAL FEDERAL DA 1A REGIAO;2.09;2.19;2.34;2.39;sim;sim
20487;TRIBUNAL REGIONAL ELEITORAL DO DF;2.15;2.35;2.45;2.55;sim;sim
20512;GOVERNO DO ESTADO DO AMAZONAS;2.14;2.34;2.44;2.54;sim;sim
20554;INSTITUTO DE PREVIDENCIA MUNICIPAL DE UBATUBA - IPMU;2.29;2.44;2.54;2.64;sim;sim
20586;INST DE PREV ASSIS - ASSISPREV;2.25;2.4;2.5;2.6;sim;sim
20602;INSTITUTO DE PREVIDENCIA DOS SERVIDORES MUNICIPAIS DE SAO VICENTE;1.93;2.08;2.18;2.28;sim;sim
20603;JUSTICA FEDERAL DE 1GRAU DE MINAS GERAIS;2.45;2.65;2.75;2.85;sim;sim
20606;GOVERNO DO ESTADO DE MINAS GERAIS;2.34;2.49;2.59;2.69;sim;sim
20614;INSTITUTO DE PREVIDENCIA MUNICIPAL DE OURINHOS;1.72;1.87;1.97;2.07;sim;sim
20615;DEFENSORIA PUBLICA DE MINAS GERAIS;2.13;2.28;2.38;2.48;sim;sim
20640;TRIB REGIONAL ELEITORAL DE MINAS GERAIS;2.29;2.44;2.54;2.64;sim;sim
20659;SANEBAVI SANEAMENTO BASICO VINHEDO;2.5;2.65;2.75;2.85;sim;sim
20710;INSTITUTO DE PREVIDENCIA MUN DE MOGI DA CRUZES;1.91;2.11;2.21;2.31;sim;sim
20725;SAEMAS - MEIO AMBIENTE DE SERTAOZINHO;2.33;2.53;2.63;2.73;sim;sim
20729;INSTITUTO DE PREVIDENCIA MUNICIPAL DE PERUIBE - PERUIBEPREV;1.88;2.03;2.13;2.23;sim;sim
20745;ASSEMB LEGISL DO RIO GRANDE DO NORTE;2.17;2.32;2.42;2.52;sim;sim
20749;JOAO PESSOA SECRETARIA DE FINANCAS SEFIN;2.31;2.46;2.56;2.66;sim;sim
20768;PREV DO RIO GRANDE - PREVIRG;2.12;2.27;2.37;2.47;sim;sim
20805;TRIBUNAL DE JUSTICA DA BAHIA;1.92;2.12;2.22;2.32;sim;sim
20809;GOVERNO DO ESTADO DA BAHIA;1.92;2.07;2.17;2.27;sim;sim
20827;PREFEITURA MUNICIPAL DE SALVADOR;2.05;2.2;2.3;2.4;sim;sim
20840;ESTADO DE MATO GROSSO DO SUL;2.03;2.23;2.33;2.43;sim;sim
20844;POLICIA MILITAR DE MINAS GERAIS;2.13;2.28;2.38;2.48;sim;sim
20847;IPSEMG - INST PREV SERVID DO EST DE MG;1.84;1.99;2.09;2.19;sim;sim
20857;INST PREV SERV MILITARES ESTADO DE MG;2.08;2.23;2.33;2.43;sim;sim
20869;PREFEITURA MUNICIPAL DE UBA;2.75;2.95;3.05;3.15;sim;sim
20894;PREFEITURA MUNICIPAL DE POUSO ALEGRE;2.09;2.24;2.34;2.44;sim;sim
20916;TRIBUNAL DE JUSTICA DO ESTADO DE MINAS GERAIS;2.3;2.5;2.6;2.7;sim;sim
20946;MINISTERIO PUBLICO FEDERAL;1.95;2.15;2.25;2.35;sim;sim
20977;PREFEITURA MUNICIPAL CAMPOS GOYTACAZES;2.07;2.22;2.32;2.42;sim;sim
20980;PREFEITURA MUNICIPAL DE TERESOPOLIS;2.0;2.15;2.25;2.35;sim;sim
21075;GOVERNO DO RIO DE JANEIRO;2.25;2.4;2.5;2.6;sim;sim
21076;PREFEITURA MUNICIPAL DO RIO DE JANEIRO;1.95;2.0;2.04;2.04;sim;sim
21088;PREFEITURA MUNICIPAL DE ALVARES DE MACHADO;2.02;2.17;2.27;2.37;sim;sim
21143;PREFEITURA MUNICIPAL DE ANDRADINA;3.2;3.4;3.5;3.6;sim;sim
21144;PREFEITURA MUNICIPAL DE MURUTINGA DO SUL;1.91;2.06;2.16;2.26;sim;sim
21145;PREFEITURA MUNICIPAL DE GABRIEL MONTEIRO;2.1;2.3;2.4;2.5;sim;sim
21146;PREFEITURA MUNICPAL DE BURITAMA;2.02;2.17;2.27;2.37;sim;sim
21148;PREFEITURA MUNICIPAL DE MIRANDOPOLIS;1.97;2.12;2.22;2.32;sim;sim
21150;PREFEITURA MUNICIPAL DE SANTÃPOLIS DO AGUAPEÃ;2.22;2.37;2.47;2.57;sim;sim
21152;PREFEITURA MUNICIPAL DE PEREIRA BARRETO;2.12;2.32;2.42;2.52;sim;sim
21153;PREFEITURA MUNICIPAL DE ITAPURA;2.15;2.3;2.4;2.5;sim;sim
21162;PREFEITURA MUNICIPAL DE POMPEIA;2.1;2.3;2.4;2.5;sim;sim
21163;PREFEITURA MUNICIPAL DE FLORINEA;2.2;2.4;2.5;2.6;sim;sim
21167;PREFEITURA MUNICIPAL DE GALIA;2.25;2.4;2.5;2.6;sim;sim
21172;PREFEITURA MUNICIPAL DE PALMITAL;2.55;2.75;2.85;2.95;sim;sim
21173;PREFEITURA MUNICIPAL DE TAIACU;2.72;2.87;2.97;3.07;sim;sim
21175;PREFEITURA MUNICIPAL DE OSCAR BRESSANE;2.26;2.41;2.51;2.61;sim;sim
21177;PREFEITURA MUNICIPAL DA ESTANCIA TURISTICA DE PARAGUACU PAULISTA;1.91;2.06;2.16;2.26;sim;sim
21178;PREFEITURA MUNICIPAL DE QUATA;1.88;2.03;2.13;2.23;sim;sim
21179;PREFEITURA MUNICIPAL DE PRESIDENTE ALVES;2.05;2.05;2.3;2.4;sim;sim
21184;PREFEITURA MUNICIPAL DE TUPA;1.87;2.07;2.17;2.27;sim;sim
21190;PREFEITURA MUNICIPAL DE RAFARD;1.95;2.1;2.0;2.1;sim;sim
21194;PREFEITURA MUNICIPAL DE BARRETOS;2.03;2.23;2.33;2.43;sim;sim
21198;PREFEITURA MUNICIPALDE CAIABU;2.38;2.58;2.68;2.78;sim;sim
21199;PREFEITURA MUNICIPAL DE MARTINOPOLIS;2.85;3.05;3.15;3.25;sim;sim
21200;PREFEITURA MUNICIPAL DE NARANDIBA;2.33;2.53;2.63;2.73;sim;sim
21204;PREFEITURA MUNICIPAL DE SANDOVALINA;2.6;2.75;2.85;2.95;sim;sim
21205;PREFEITURA MUNICIPAL DE TARABAI;2.33;2.48;2.38;2.48;sim;sim
21206;PREFEITURA MUNICIPAL DE DRACENA;2.01;2.16;2.26;2.36;sim;sim
21207;PREFEITURA MUNICIPAL DE MONTE CASTELO;2.6;2.8;2.9;3.0;sim;sim
21211;PREF MUN DE PAULICEIA;2.02;2.17;2.27;2.37;sim;sim
21212;PREFEITURA MUNICIPAL DE SANTA MERCEDES;2.06;2.21;2.31;2.41;sim;sim
21214;PREF MUN DE IRAPURU;2.74;2.89;2.99;3.09;sim;sim
21215;PREFEITURA MUNICIPAL DE PACAEMBU;2.1;2.1;2.3;2.4;sim;sim
21217;PREF MUN DE MIRANTE DO PARANAPANEMA;2.19;2.34;2.24;2.34;sim;sim
21219;PREFEITURA MUNICIPAL DE TEODORO SAMPAIO;2.87;3.07;3.17;3.27;sim;sim
21225;PREFEITURA MUNICIPAL DE ELDORADO;2.04;2.19;2.29;2.39;sim;sim
21228;PREFEITURA MUNICIPAL DE POTIRENDABA;2.37;2.52;2.62;2.72;sim;sim
21230;PREFEITURA MUNICIPAL DE UCHOA;2.11;2.26;2.36;2.46;sim;sim
21234;PREFEITURA MUNICIPAL DE MIRA ESTRELA;2.21;2.36;2.46;2.56;sim;sim
21237;PREFEITURA MUNICIPAL DE PINDORAMA;2.75;2.95;3.05;3.15;sim;sim
21238;PREFEITURA MUNICIPAL DE CATIGUA;2.05;2.2;2.3;2.4;sim;sim
21240;PREFEITURA MUNICIPAL DE TABAPUA;2.3;2.45;2.55;2.65;sim;sim
21242;PREFEITURA MUNICIPAL DE LIMEIRA;1.78;1.93;2.03;2.13;sim;sim
21243;PREFEITURA MUNICIPAL DE MARINOPOLIS;2.25;2.4;2.5;2.6;sim;sim
21244;PREFEITURA MUNICIPAL DE PARANAPUA;2.25;2.4;2.5;2.6;sim;sim
21246;PREFEITURA MUNICIPAL DE SANTA ALBERTINA;2.24;2.44;2.54;2.64;sim;sim
21247;PREFEITURA MUNICIPAL DE SANTA FÃ DO SUL;2.23;2.38;2.48;2.58;sim;sim
21248;PREFEITURA MUNICIPAL DE SANTANA DA PONTE PENSA;2.09;2.24;2.34;2.44;sim;sim
21249;PREF MUN DE TURMALINA;2.23;2.38;2.48;2.58;sim;sim
21250;PREFEITURA MUNICIPAL DE ADOLFO;2.25;2.4;2.5;2.6;sim;sim
21252;PREFEITURA MUNICIPAL DE MIRASSOLANDIA;2.07;2.17;2.32;2.37;sim;sim
21254;PREFEITURA MUNICIPAL DE NEVES PAULISTA;2.35;2.55;2.65;2.75;sim;sim
21255;PREF MUN DE NHANDEARA;2.48;2.68;2.78;2.88;sim;sim
21256;PREFEITURA MUNICIPAL DE ONDA VERDE;2.25;2.4;2.5;2.6;sim;sim
21257;PREFEITURA MUNICIPAL DE PALESTINA;1.84;1.99;1.89;1.99;sim;sim
21258;PREFEITURA MUNICIPAL DE PAULO DE FARIA;2.85;3.0;3.1;3.2;sim;sim
21260;PREFEITURA MUNICIPAL DE ALTAIR;2.58;2.78;2.88;2.98;sim;sim
21261;PREFEITURA MUNICIPAL DE TANABI;2.02;2.17;2.27;2.37;sim;sim
21263;PREFEITURA MUNICIPAL DE URUPES;2.6;2.65;2.85;2.95;sim;sim
21264;PREFEITURA MUNICIPAL DE RIOLANDIA;2.4;2.6;2.7;2.8;sim;sim
21267;UNITAU - UNIV TAUBATE;2.01;2.16;2.06;2.16;sim;sim
21271;PREFEITURA MUNICIPAL DE SAO BENTO DO SAPUCAI;2.38;2.58;2.68;2.78;sim;sim
21272;PREFEITURA MUNICIPAL DE BANANAL;2.22;2.37;2.27;2.37;sim;sim
21275;PREFEITURA MUNICIPAL DE CAJURU;2.1;2.2;2.45;2.55;sim;sim
21276;PREFEITURA MUNICIPAL DE CRAVINHOS;2.85;3.0;3.1;3.2;sim;sim
21282;PREFEITURA MUNICIPAL DE PIRACAIA;1.99;2.14;2.24;2.34;sim;sim
21285;PREFEITURA MUNICIPAL DE ITAPIRA;2.01;2.16;2.26;2.36;sim;sim
21286;PREFEITURA MUNICIPAL DE SANTA LUCIA;2.03;2.18;2.08;2.18;sim;sim
21287;SAAE SERVICO AGUA E ESGOTO DE BARRETOS;2.99;3.19;3.09;3.19;sim;sim
21288;PREF MUN DE PEDRA BELA;2.25;2.4;2.5;2.6;sim;sim
21300;PREFEITURA MUNICIPAL DE BRODOWSKI;2.28;2.33;2.53;2.63;sim;sim
21301;PREFEITURA MUNICIPAL DE PEDREGULHO;2.18;2.38;2.48;2.58;sim;sim
21305;PREFEITURA MUNICIPAL DE BURITIZAL;2.25;2.4;2.5;2.6;sim;sim
21306;PREFEITURA MUNICIPAL DE CONCHAL;2.54;2.74;2.84;2.94;sim;sim
21307;PREF MUN DE SANTO ANTONIO DE POSSE;2.03;2.18;2.28;2.38;sim;sim
21311;PREFEITURA MUNICIPAL DE ORLANDIA;2.15;2.25;2.45;2.55;sim;sim
21312;PREFEITURA MUNICIPAL DE GUARA;2.65;2.85;2.95;3.05;sim;sim
21319;PREFEITURA MUNICIPAL DE SÃO SIMÃO;2.52;2.72;2.82;2.92;sim;sim
21335;PREFEITURA MUNICIPAL DE BASTOS;2.07;2.22;2.12;2.22;sim;sim
21336;PREFEITURA MUNICIPAL DE IGUAPE;1.86;2.01;2.11;2.21;sim;sim
21340;PREFEITURA MUNICIPAL DE GENERAL SALGADO;2.25;2.4;2.5;2.6;sim;sim
21341;PREFEITURA MUNICIPAL DE MAGDA;2.93;3.13;3.23;3.33;sim;sim
21342;PREFEITURA MUNICIPAL DE AVANHANDAVA;2.52;2.57;2.77;2.87;sim;sim
21343;PREFEITURA MUNICIPAL DE DOIS CORREGOS;2.1;2.3;2.4;2.5;sim;sim
21345;PREFEITURA MUNICIPAL DE PARIQUERA;2.03;2.23;2.33;2.43;sim;sim
21349;PREFEITURA MUNICIPAL DE CAMPOS DO JORDAO;2.06;2.26;2.36;2.46;sim;sim
21351;PREFEITURA MUNICIPAL DE CUNHA;2.14;2.34;2.44;2.54;sim;sim
21352;PREFEITURA MUNICIPAL DE VIRADOURO;2.03;2.18;2.28;2.38;sim;sim
21353;PREFEITURA MUNICIPAL DE BEBEDOURO;2.61;2.76;2.46;2.56;sim;sim
21355;PREFEITURA MUNICIPAL DE TURIUBA;2.78;2.98;3.08;3.18;sim;sim
21357;PREFEITURA MUNICIPAL DE UNIAO PAULISTA;2.75;2.85;2.75;2.85;sim;sim
21359;PREF MUN DE GUAPIACU;2.04;2.24;2.34;2.44;sim;sim
21361;PREF MUN DE SANTA GERTRUDES;2.3;2.5;2.6;2.7;sim;sim
21362;PREF MUN DE ITOBI;2.11;2.26;2.36;2.46;sim;sim
21364;PREFEITURA MUNICIPAL DE ARTUR NOGUEIRA;2.3;2.5;2.6;2.7;sim;sim
21369;PREFEITURA MUNICIPAL DE RIO CLARO;1.87;2.02;2.12;2.22;sim;sim
21371;PREFEITURA MUNICIPAL DE VARZEA PAULISTA;3.08;3.23;3.33;3.43;sim;sim
21372;PREFEITURA MUNICIPAL DE AMERICANA;1.95;2.1;2.2;2.3;sim;sim
21378;PREFEITURA MUNICIPAL DE MAIRINQUE;2.55;2.75;2.85;2.95;sim;sim
21383;UNIVERSIDADE ESTADUAL DE CAMPINAS - UNICAMP;2.16;2.31;2.41;2.51;sim;sim
21387;PREFEITURA MUNICIPAL DE AGUDOS;2.28;2.43;2.53;2.63;sim;sim
21389;PREFEITURA MUNICIPAL DE DUARTINA;2.51;2.71;2.81;2.91;sim;sim
21392;PREFEITURA MUNICIPAL DE SAO VICENTE;1.97;2.12;2.22;2.32;sim;sim
21393;MUNICIPIO EST BALN DE PRAIA GRANDE;2.02;2.17;2.27;2.37;sim;sim
21394;PREFEITURA MUNICIPAL DE ASSIS;2.76;2.96;3.06;3.16;sim;sim
21395;PREFEITURA MUNICIPAL DE CRUZALIA;2.28;2.48;2.58;2.68;sim;sim
21398;PREFEITURA MUNICIPAL DE GUARANTA;2.44;2.59;2.64;2.74;sim;sim
21401;PREF MUN DE MACATUBA;2.07;2.22;2.32;2.42;sim;sim
21404;PREFEITURA MUNICIPAL DE PIRAJU;1.91;2.06;2.16;2.26;sim;sim
21405;PREFEITURA MUNICIPAL DE FARTURA;1.99;2.14;2.24;2.34;sim;sim
21406;PREFEITURA MUNICIPAL DE TAGUAI;2.26;2.46;2.56;2.66;sim;sim
21409;PREFEITURA MUNICIPAL DE SANTA CRUZ DO RIO PARDO;2.33;2.53;2.63;2.73;sim;sim
21415;PREFEITURA MUNICIPAL DE PIRACICABA;2.06;2.21;2.31;2.41;sim;sim
21418;PREFEITURA MUNICIPAL DE BROTAS;3.04;3.24;3.34;3.44;sim;sim
21423;SERVICO AUTONOMO DE AGUA E ESGOTOS DE ITAPIRA;2.21;2.36;2.46;2.56;sim;sim
21424;PMSP - PREFEITURA MUNICIPAL DE SAO PAULO;2.08;2.18;2.08;2.18;sim;sim
21425;PREFEITURA MUNICIPAL DE PEDREIRA;1.99;2.14;2.24;2.34;sim;sim
21427;PREFEITURA MUNICIPAL DE SANTA BARBARA D OESTE;2.14;2.34;2.44;2.54;sim;sim
21430;PREF MUN DE SANTO EXPEDITO;2.64;2.79;2.89;2.99;sim;sim
21432;PREFEITURA MUNICIPAL DE VINHEDO;2.45;2.6;2.7;2.8;sim;sim
21434;PREFEITURA MUNICIPAL DE PRESIDENTE VENCESLAU;1.96;2.11;2.21;2.31;sim;sim
21435;PREFEITURA MUNICIPAL DE UBATUBA;2.17;2.32;2.42;2.52;sim;sim
21436;PREFEITURA MUNICIPAL DE SANTO ANDRE;1.84;1.99;2.09;2.19;sim;sim
21441;PREFEITURA MUNICIPAL DE SUZANO;2.05;2.2;2.3;2.4;sim;sim
21442;PREFEITURA MUNICIPAL DE CAIEIRAS;1.85;2.0;2.1;2.2;sim;sim
21444;PREFEITURA MUNICIPAL DE FRANCO DA ROCHA;1.95;2.1;2.2;2.3;sim;sim
21448;PREFEITURA MUNICIPAL DE MAIRIPORA;1.99;2.19;2.29;2.39;sim;sim
21450;PREFEITURA MUNICIPAL DE FERRAZ DE VASCONCELOS;2.27;2.47;2.57;2.67;sim;sim
21451;PREFEITURA MUNICIPAL DE SAO BERNARDO DO CAMPO;1.89;2.04;2.14;2.24;sim;sim
21454;PREFEITURA MUNICIPAL DE MOGI DAS CRUZES;1.93;2.13;2.23;2.33;sim;sim
21460;PREFEITURA MUNICIPAL DE ITANHAEM;3.14;3.29;3.39;3.49;sim;sim
21462;PREFEITURA MUNICIPAL DE PERUIBE;2.14;2.29;2.39;2.49;sim;sim
21466;PREFEITURA MUNICIPAL DE MIRACATU;2.43;2.63;2.73;2.83;sim;sim
21467;PREFEITURA MUNICIPAL DE CANANEIA;2.45;2.65;2.75;2.85;sim;sim
21468;PREFEITURA MUNICIPAL DE JUQUIA;2.71;2.86;2.96;3.06;sim;sim
21469;PREFEITURA MUNICIPAL DE OLIMPIA;2.6;2.75;2.85;2.95;sim;sim
21470;PREF MUN DE GUARACI;2.7;2.85;3.0;3.05;sim;sim
21471;PREFEITURA MUNICIPAL DE VOTUPORANGA;1.96;2.11;2.21;2.31;sim;sim
21475;PREFEITURA MUNICIPAL DE APARECIDA D OESTE;2.25;2.4;2.5;2.6;sim;sim
21477;PREFEITURA MUNICIPAL DE PALMEIRA D OESTE;2.25;2.4;2.5;2.6;sim;sim
21478;PREFEITURA MUNICIPAL DE URANIA;2.29;2.44;2.54;2.64;sim;sim
21480;PREFEITURA MUNICIPALDE SALES;2.25;2.4;2.5;2.6;sim;sim
21482;PREFEITURA MUNICIPAL DE SAO LUIZ DO PARAITINGA;2.25;2.4;2.5;2.6;sim;sim
21485;PREFEITURA MUNICIPAL DE BOTUCATU;1.84;2.04;2.14;2.24;sim;sim
21490;PREFEITURA MUNICIPAL DE PARDINHO;2.3;2.5;2.6;2.7;sim;sim
21492;PREFEITURA MUNICIPAL DE CERQUEIRA CESAR;2.04;2.19;2.29;2.39;sim;sim
21494;PREFEITURA MUNICIPAL DE ITAI;2.25;2.4;2.5;2.6;sim;sim
21500;PREF MUN DE IPORANGA;2.15;2.3;2.4;2.5;sim;sim
21501;PREFEITURA MUNICIPAL DE ITAPETININGA;2.05;2.2;2.3;2.4;sim;sim
21507;PREFEITURA MUNICIPAL DE ITABERA;1.9;2.05;2.15;2.25;sim;sim
21509;PREFEITURA MUNICIPAL DE ITARARE;1.92;2.07;2.17;2.27;sim;sim
21510;PREFEITURA MUNICIPAL DE ITAPORANGA;1.88;2.03;2.13;2.23;sim;sim
21512;PREFEITURA MUNICIPAL DE CABREUVA;2.23;2.43;2.53;2.63;sim;sim
21515;PREFEITURA MUNICIPAL DE PILAR DO SUL;2.16;2.36;2.46;2.56;sim;sim
21520;PREFEITURA MUNICIPAL DE PORANGABA;2.45;2.45;2.65;2.65;sim;sim
21521;PREFEITURA MUNICIPAL DE CERQUILHO;2.08;2.23;2.33;2.43;sim;sim
21522;PREFEITURA MUNICIPAL DE SAO JOSE DOS CAMPOS;1.78;1.93;2.1;2.13;sim;sim
21523;PREFEITURA MUNICIPAL DE PARAIBUNA;2.2;2.4;2.5;2.6;sim;sim
21526;PREFEITURA MUNICIPAL DE GUARATINGUETA;1.95;2.15;2.25;2.35;sim;sim
21527;PREFEITURA MUNICIPAL DE APARECIDA;1.89;2.04;2.14;2.24;sim;sim
21528;PREFEITURA MUNICIPAL DE SANTA BRANCA;2.5;2.65;2.75;2.85;sim;sim
21529;PREFEITURA MUNICIPAL DE JACAREI;1.9;2.05;2.15;2.25;sim;sim
21534;SAAE - JABOTICABAL;2.08;2.28;2.38;2.48;sim;sim
21535;PREFEITURA MUNICIPAL DE BOA ESPERANCA DO SUL;2.65;2.8;2.9;3.0;sim;sim
21537;PREFEITURA MUNICIPAL DE BORBOREMA;1.91;2.06;2.16;2.26;sim;sim
21541;PREFEITURA MUNICIPAL DE MENDONCA;2.3;2.5;2.6;2.7;sim;sim
21543;GUARDA MUNICIPAL DE AMERICANA;2.05;2.2;2.3;2.4;sim;sim
21557;PREFEITURA MUNICIPAL DE CLEMENTINA;2.61;2.81;2.91;3.01;sim;sim
21562;INST DE PREVID SERVID PUBL MUN CUBATAO;1.94;2.09;2.19;2.29;sim;sim
21579;UNIVERSIDADE ESTADUAL PAULISTA JULIO DE MESQUITA FILHO;1.96;2.11;2.21;2.31;sim;sim
21597;PREFEITURA MUNICIPAL DE REGENTE FEIJO;2.14;2.34;2.34;2.54;sim;sim
21655;PREFEITURA MUNICIPAL DE JABOTICABAL;2.17;2.37;2.47;2.57;sim;sim
21667;SAAE CERQUILHO;2.03;2.18;2.28;2.38;sim;sim
21670;INSTITUTO DE PREVIDENCIA DE ITAPETININGA;1.78;1.93;2.03;2.13;sim;sim
21690;INST DE PREV PIRACICABA;2.26;2.41;2.51;2.61;sim;sim
21711;SERVICO ASSISTENCIAL DOS FUNC E SERV MUNIC DE BEBEDOURO;2.15;2.35;2.45;2.55;sim;sim
21713;PREFEITURA MUNICIPAL DE MONTE ALTO;2.15;2.35;2.45;2.55;sim;sim
21715;PREFEITURA MUNICIPAL DE POPULINA;2.53;2.73;2.83;2.93;sim;sim
21721;FUND PRO SANGUE HEMOCENTRO SAO PAULO;2.38;2.53;2.63;2.73;sim;sim
21735;PREFEITURA MUNICIPAL DE BOM JESUS DOS PERDOES;2.48;2.63;2.73;2.83;sim;sim
21739;SERVICO MUNICIPAL DE AGUAS E ESGOTOS - MOGI DAS CRUZES;2.1;2.3;2.4;2.5;sim;sim
21752;PREFEITURA MUNICIPAL EST HIDROM MONTE ALEGRE SUL;2.58;2.73;2.83;2.93;sim;sim
21753;PREFEITURA MUNICIPAL DE SEBASTIANOPOLIS DO SUL;2.25;2.4;2.5;2.6;sim;sim
21757;PREF MUN DE NOVA LUZITANIA;2.15;2.3;2.4;2.5;sim;sim
21760;PREFEITURA MUNICIPAL DE MONTE APRAZIVEL;2.45;2.65;2.75;2.85;sim;sim
21761;PREFEITURA MUNICIPAL DE FLOREAL;2.85;3.0;3.1;3.2;sim;sim
21763;PREFEITURA MUNICIPAL DE PARAPUA;2.65;2.85;2.95;3.05;sim;sim
21791;PREFEITURA MUNICIPAL DE SANTO ANASTACIO;2.1;2.3;2.4;2.5;sim;sim
21814;PREFEITURA MUNICIPAL DE POA;1.83;1.98;2.08;2.18;sim;sim
21819;PREF MUN DE PRESIDENTE BERNARDES;2.25;2.4;2.5;2.6;sim;sim
21821;PREFEITURA MUNICIPAL DE PRESIDENTE EPITACIO;2.1;2.25;2.35;2.45;sim;sim
21823;PREFEITURA MUNICIPAL DE TACIBA;2.47;2.67;2.77;2.87;sim;sim
21824;PREFEITURA MUNICIPAL DE PRESIDENTE PRUDENTE;1.82;1.97;2.07;2.17;sim;sim
21827;COMPANHIA MUNICIPAL DE TRANSITO DE CUBATAO;1.97;2.12;2.22;2.32;sim;sim
21854;PREFEITURA MUNICIPAL DE SANTA ISABEL;2.63;2.83;2.93;3.03;sim;sim
21891;CONSORCIO INTERMUNICIPAL DE SAUDE DO VALE DO RIBEIRA E LITORAL SUL;2.92;3.07;3.17;3.27;sim;sim
21921;PREFEITURA MUNICIPAL DE ARACARIGUAMA;2.23;2.38;2.48;2.58;sim;sim
21925;SAME - FRANSCISCO MORATO;2.3;2.4;2.55;2.6;sim;sim
21939;PREFEITURA MUNICIPAL DE ILHA SOLTEIRA;2.3;2.5;2.6;2.7;sim;sim
21941;PREF MUN DE SANTO ANTONIO DO ARACANGUA;2.15;2.3;2.4;2.5;sim;sim
21943;PREF MUN DE SUZANAPOLIS;2.33;2.53;2.63;2.73;sim;sim
21947;PREFEITURA MUNICIPAL DE SAO JOAQUIM DA BARRA;2.58;2.73;2.83;2.93;sim;sim
21948;PREFEITURA MUNICIPAL DE MONCOES;2.86;3.06;3.16;3.26;sim;sim
22001;INSTITUTO DE PESQUISAS TECNOLOGICAS DO E;2.29;2.44;2.54;2.64;sim;sim
22165;UNIVERSIDADE DE SAO PAULO;2.3;2.45;2.55;2.65;sim;sim
22172;PREFEITURA MUNICIPAL DE CAJATI;2.0;2.15;2.25;2.35;sim;sim
22176;PREFEITURA MUNICIPAL DE PEDRINHAS PAULISTA;2.45;2.65;2.75;2.85;sim;sim
22202;INST DE PREV MUN DE FERNANDOPOLIS;2.27;2.42;2.52;2.62;sim;sim
22204;PREFEITURA MUNICIPAL DE DIRCE REIS;2.15;2.3;2.4;2.5;sim;sim
22205;PREFEITURA MUNICIPAL DE ASPASIA;2.6;2.8;2.9;3.0;sim;sim
22225;INSTITUTO DE PREVIDENCIA DO MUNICIPIO DE BARRETOS;2.3;2.45;2.55;2.65;sim;sim
22248;PREFEITURA MUNICIPAL DE ROSANA;2.09;2.29;2.39;2.49;sim;sim
22256;PREFEITURA MUNICIPAL DE HORTOLANDIA;2.1;2.25;2.3;2.4;sim;sim
22258;PREFEITURA MUNICIPAL DE BERTIOGA;1.93;2.08;2.18;2.28;sim;sim
22264;SEPREM DE JABOTICABAL;1.96;2.16;2.26;2.36;sim;sim
22280;CAMARA MUNICIPAL DE PERUIBE;2.08;2.23;2.33;2.43;sim;sim
22288;PREFEITURA MUNICIPAL DE TABATINGA;2.65;2.85;2.95;3.05;sim;sim
22314;SUPERINTENDENCIA DE AGUA, ESGOTOS E MEIO AMBIENTE DE VOTUPORANGA;2.03;2.18;2.28;2.38;sim;sim
22362;PREFEITURA MUNICIPAL DE RIO NEGRO;2.23;2.48;2.48;2.68;sim;sim
22368;PREFEITURA MUNICIPAL DE ADRIANOPOLIS;1.74;1.89;1.99;2.09;sim;sim
22391;PREFEITURA MUNICIPAL DE MARINGA;1.95;2.15;2.25;2.35;sim;sim
22417;PREFEITURA MUNICIPAL DE ARAPONGAS;1.82;1.97;2.07;2.17;sim;sim
22509;TRIBUNAL DE JUSTICA DE SANTA CATARINA;1.92;2.12;2.22;2.32;sim;sim
22530;PREFEITURA MUNICIPAL DE SAO BENTO DO SUL;1.93;2.08;2.18;2.28;sim;sim
22547;PREFEITURA MUNICIPAL DE CACHOEIRA DO SUL;1.81;2.01;2.11;2.21;sim;sim
22549;PREFEITURA MUNICIPAL DE PASSO FUNDO;2.19;2.39;2.49;2.59;sim;sim
22550;PREFEITUA MUNICIPAL DE HORIZONTINA;3.24;3.39;3.49;3.59;sim;sim
22567;PREFEITURA MUNICIPAL DE ALVORADA;2.61;2.76;2.86;2.96;sim;sim
22573;PREF MUN DE CACAPAVA DO SUL;2.25;2.4;2.5;2.6;sim;sim
22580;PREFEITURA MUNICIPAL DE ESTANCIA VELHA;2.44;2.59;2.69;2.79;sim;sim
22585;PREF MUN DE SAO SEBASTIAO DO CAI;1.96;2.11;2.21;2.31;sim;sim
22592;PREFEITURA MUNICIPAL DE RIO GRANDE;1.81;1.96;2.06;2.16;sim;sim
22594;PREFEITURA MUNICIPAL DE CANELA;2.25;2.4;2.5;2.6;sim;sim
22608;PREFEITURA MUNICIPAL DE CAMAQUA;2.07;2.27;2.37;2.47;sim;sim
22609;PREFEITURA MUNICIPAL DE PANAMBI;2.41;2.61;2.71;2.81;sim;sim
22618;PREFEITURA MUNICIPAL DE CANGUCU;2.25;2.4;2.5;2.6;sim;sim
22666;PREFEITURA MUNICIPAL DE NOVA PRATA;2.03;2.23;2.33;2.43;sim;sim
22770;INSTITUTO DE PREVIDENCIA DO MUNICIPIO DE JACAREI;1.88;2.08;2.18;2.28;sim;sim
22772;INSTITUTO DE PREVIDENCIA DE SAO JOSE DOS CAMPOS;2.05;2.25;2.35;2.45;sim;sim
22780;PREFEITURA MUNICIPAL DE TAQUARA;1.99;2.14;2.24;2.34;sim;sim
22785;PREFEITURA MUNICIPAL DE VERANOPOLIS;2.26;2.41;2.51;2.61;sim;sim
22790;PREFEITURA MUNICIPAL DE PIRANGI;2.18;2.33;2.43;2.53;sim;sim
22806;PREFEITURA MUNICIPAL DE DOURADO;2.44;2.64;2.74;2.84;sim;sim
22812;INST DE PREV DOS SERV PUBLICOS DO MUNIC DE OLIMPIA;2.6;2.8;2.9;3.0;sim;sim
22826;PREFEITURA MUNICIPAL DE LINDOIA;2.31;2.46;2.56;2.66;sim;sim
35627;PREFEITURA MUNICIPAL DE VOTORANTIM;2.06;2.21;2.31;2.41;sim;sim
35685;PREFEITURA MUNICIPAL DE ARANDU;2.02;2.22;2.32;2.42;sim;sim
35794;PREFEITURA MUNICIPAL DE ZACARIAS;2.09;2.24;2.34;2.44;sim;sim
35815;PREFEITURA MUNICIPAL DE GUARACAI;2.79;2.99;3.09;3.19;sim;sim
35819;PREFEITURA MUNICIPAL DE LINS;1.89;2.04;2.14;2.24;sim;sim
35821;CRAISA - CIA. REGIONAL DE ABASTECIM;2.06;2.21;2.31;2.41;sim;sim
35885;PREFEITURA MUNICIPAL DE VARGEM GRANDE;1.97;2.12;2.22;2.32;sim;sim
35889;INST DE PREVID SERVID PUBL MUN MAIRIPORA;2.12;2.32;2.42;2.52;sim;sim
35895;PREFEITURA MUNICIPAL DE MORRINHOS;1.96;2.11;2.21;2.31;sim;sim
35900;PREFEITURA MUNICIPAL DE SANTOS;2.12;2.27;2.37;2.47;sim;sim
35967;DEPART DE AGUA E ESGOTO S CAETANO DO SUL;2.6;2.75;2.85;2.95;sim;sim
36024;PREFEITURA MUNICIPAL DE PALMARES DO SUL;2.55;2.7;2.8;2.9;sim;sim
36046;INSTITUTO DE PREVIDENCIA DOS SERVIDORES DO MUNICIPIO DE PARANAIBA - PREVIM;2.0;2.15;2.25;2.35;sim;sim
36120;PREFEITURA MUNICIPAL DE LUCELIA;1.95;2.1;2.2;2.3;sim;sim
36126;ITANHAEM PREV-INST  PREVID MUN ITANHAEM;1.86;2.01;2.11;2.21;sim;sim
36128;PREFEITURA MUNICIPAL DE PRACINHA;3.51;3.61;3.76;3.81;sim;sim
36138;INSTITUTO DE PREVIDENCIA MUNICIPAL DE LIMEIRA;2.14;2.29;2.39;2.49;sim;sim
36158;PREFEITURA MUNICIPAL DE PELOTAS;2.17;2.32;2.42;2.52;sim;sim
36181;SERVICO AUTONOMO DE SANEAMENTO DE PELOTAS;2.17;2.32;2.42;2.52;sim;sim
36236;PREFEITURA MUNICIPAL DE ITAPEVA MG;2.6;2.75;2.85;2.95;sim;sim
36244;INSTITUTO DE PREVIDENCIA PENSOES E APOSENTADORIAS DOS SERVIDORES DE ARAPONGAS;2.18;2.33;2.38;2.48;sim;sim
36306;INSTITUTO DE GESTAO PREVIDENCIARIA DO MUNICIPIO DE PETROLINA;3.54;3.64;3.74;3.84;sim;sim
36330;PREFEITURA MUNICIPAL DE SAO SEBASTIAO;1.84;1.99;2.09;2.19;sim;sim
36355;INSTITUTO DE PREVIDÃNCIA DOS SERVIDORES MUNICIPAIS DE CONCHAL;2.6;2.75;2.85;2.95;sim;sim
36407;PREFEITURA MUNICIPAL DE CANDIDO MOTA;1.99;2.14;2.24;2.34;sim;sim
36460;MACAPA PREVIDENCIA - MACAPA PREV;2.4;2.55;2.65;2.75;sim;sim
36484;PREFEITURA MUNICIPAL DE ARACATUBA;2.08;2.28;2.38;2.48;sim;sim
36515;MUNICIPIO DE CAMPO BELO;1.94;2.09;2.19;2.29;sim;sim
36565;MUNICIPIO DE NOVA GRANADA;2.25;2.4;2.5;2.6;sim;sim
36573;CREMESP - CONSELHO REGIONAL DE MEDICINA;2.34;2.54;2.64;2.74;sim;sim
36613;GOVERNO DO ESTADO DE SAO PAULO;2.77;2.97;3.07;3.17;sim;sim
36615;POLICIA MILITAR DO ESTADO DE SAO PAULO;1.97;2.12;2.22;2.32;sim;sim
36616;SAO PAULO PREVIDENCIA;2.08;2.23;2.33;2.43;sim;sim
36643;PREF MUN DE VIDEIRA;2.1;2.3;2.4;2.5;sim;sim
36689;FUNDO MUNICIPAL DE SAUDE PAUDALHO;2.23;2.43;2.53;2.63;sim;sim
36754;FUNDO DE APOSENTADORIA E PENSAO DO SERVIDOR - FAPS;2.1;2.25;2.35;2.45;sim;sim
36787;PREF MUNICIPAL DE CACAPAVA;2.25;2.4;2.5;2.6;sim;sim
36802;PREFEITURA MUNICIPAL DE PEDERNEIRAS;2.53;2.73;2.83;2.93;sim;sim
36926;MUNICIPIO DE AMPARO;2.35;2.5;2.6;2.7;sim;sim
36984;PREFEITURA MUNICIPAL DE CUBATAO;1.98;2.13;2.23;2.33;sim;sim
37064;PREFEITURA MUNICIPAL DE RIFAINA;2.29;2.49;2.59;2.69;sim;sim
37144;MUNICIPIO DE GRAMADO;2.4;2.55;2.65;2.75;sim;sim
37146;MUNICIPIO DE JOINVILLE;2.37;2.52;2.62;2.72;sim;sim
37276;PREVMOC MONTES CLAROS-INST PREVID;2.24;2.39;2.49;2.59;sim;sim
37336;MUNICIPIO DE VARGINHA;1.92;2.07;2.17;2.27;sim;sim
37337;FUNDACAO CULTURAL DO MUNICIPIO DE VARGINHA;2.1;2.25;2.35;2.45;sim;sim
37338;GUARDA CIVIL MUNICIPAL DE VARGINHA;2.1;2.25;2.35;2.45;sim;sim
37339;FUNDACAO HOSPITALAR DO MUN DE VARGINHA;1.91;2.06;2.16;2.26;sim;sim
37340;INSTITUTO DE PREVIDENCIA DOS SERVIDORES DE VARGINHA;2.03;2.18;2.28;2.38;sim;sim
37369;SEMUL SERVICO MUNICIPAL FUNERARIO E;2.64;2.79;2.89;2.99;sim;sim
37479;PREFEITURA MUNICIPAL DE PATOS DE MI;2.08;2.28;2.38;2.48;sim;sim
37483;SERVICO AUTONOMO DE AGUA E ESGOTO D;2.25;2.4;2.5;2.6;sim;sim
37530;SERVICO AUTONOMO DE AGUA E ESGOTO;3.14;3.29;3.39;3.49;sim;sim
37579;PREFEITURA MUNICIPAL DE VITORIA;1.83;1.98;2.15;2.18;sim;sim
37588;EMPRESA MUNICIPAL DE SAUDE EMUS;2.55;2.7;2.8;2.9;sim;sim
37628;GUAICARA PREFEITURA;2.6;2.8;2.8;3.0;sim;sim
37703;INST DE PREV MUNICIPAL MACATUBA;2.17;2.32;2.42;2.52;sim;sim
37755;ORGANIZACAO MUNICIPAL SEGURIDADE SO;2.0;2.15;2.25;2.35;sim;sim
37849;INSTITUTO DE SEGURIDADE SOCIAL DE M;2.2;2.4;2.5;2.6;sim;sim
37897;PREFEITURA MUNICIPAL DE MARIANA;2.59;3.14;3.24;3.34;sim;sim
37903;PREFEITURA MUNIC DE TRES LAGOAS;2.1;2.25;2.35;2.45;sim;sim
37918;CAMARA MUNICIPAL DE AMERICANA;2.08;2.28;2.28;2.48;sim;sim
38005;INST PREV SOC SERV MUN VALINHOS-VALIPREV;2.22;2.42;2.42;2.62;sim;sim
38038;IMSS - INSTITUTO MUNICIPAL DE SEGUR;2.29;2.44;2.54;2.64;sim;sim
38040;IPAMV-INST. DE PREV. E ASSISTENCIA DOS SERVID - MUNICIPIO DE VITORIA;1.64;1.79;1.96;1.99;sim;sim
38081;PREFEITURA MUNICIPAL DE CAMACARI;1.98;2.13;2.23;2.33;sim;sim
38086;MUNICIPIO DE IGARAPAVA;2.69;2.89;2.99;3.09;sim;sim
38087;PREFEITURA MUNICIPAL DE JABORANDI;2.58;2.73;2.83;2.93;sim;sim
38099;INSTITUTO DE PREVIDENCIA MUNICIPAL;2.86;3.1;3.11;3.3;sim;sim
38151;SERVICO AUTONOMO DE AGUA E ESGOTO DE PEDREIRA;2.19;2.34;2.44;2.54;sim;sim
38152;TRIBUNAL REGIONAL DO TRABALHO DA 20;3.0;3.2;3.3;3.4;sim;sim
38163;RIO GRANDE DO NORTE TRIBUNAL DE JUS;1.9;2.1;2.2;2.3;sim;sim
38167;PREFEITURA M DE CARUARU;2.4;2.55;2.65;2.75;sim;sim
38205;PREFEITURA MUNICIPAL DE CAMPO LIMPO;2.26;2.46;2.56;2.66;sim;sim
38273;PREFEITURA MUNICIPAL DE SAO MANUEL;1.95;2.1;2.2;2.3;sim;sim
38274;PROCURADORIA GERAL DO ESTADO DE SP;2.08;2.28;2.38;2.48;sim;sim
38385;PREFEITURA MUNICIPAL DE CAPIVARI;2.16;2.36;2.46;2.56;sim;sim
38397;AUTARQUIA MUNICIPAL DE TRÃNSITO E TRANSPORTES DE CONTAGEM - TRANSCON;2.1;2.3;2.4;2.5;sim;sim
38400;ARAPREV;2.1;2.25;2.35;2.45;sim;sim
38442;MUNICIPIO DE PARATI;2.57;2.72;2.82;2.92;sim;sim
38474;PREFEITURA MUNICIPAL DE XEXEU;2.1;2.25;2.35;2.45;sim;sim
38531;PREFEITURA MUNICIPAL DE CACHOEIRA PAULISTA;2.65;2.85;2.95;3.05;sim;sim
38551;PREFEITURA MUNICIPAL DE ARARAS;2.08;2.23;2.33;2.43;sim;sim
38552;SERVICO MUNICIPAL DE TRANSPORTES CO;2.16;2.31;2.41;2.51;sim;sim
38553;SERVICO DE AGUA E ESGOTO E MEIO AMB;2.0;2.15;2.25;2.35;sim;sim
38575;SAO PAULO TRIBUNAL DE JUSTICA;1.85;2.0;2.1;2.2;sim;sim
38598;INSTITUTO DE PREVIDENCIA E ASSISTENCIA DOS SERVIDORES MUNICIPAIS DE SAO GONCALO;2.25;2.4;2.5;2.6;sim;sim
38623;PREFEITURA MUNICIPAL DE CEDRAL;2.01;2.16;2.26;2.36;sim;sim
38640;PREFEITURA MUNICIPAL DE PLATINA;2.25;2.4;2.5;2.6;sim;sim
38644;PREFEITURA MUN DE PESQUEIRA CEHAB;2.05;2.2;2.3;2.4;sim;sim
38679;COMPANHIA CATARINENSE DE AGUAS E SA;2.2;2.4;2.5;2.6;sim;sim
38688;DEPARTAMENTO AUTONOMO DE AGUA E ESG;2.25;2.4;2.5;2.6;sim;sim
38695;GUARDA CIVIL MUNICIPAL DE RIBEIRAO;2.41;2.56;2.66;2.76;sim;sim
38733;SAO PAULO TRIBUNAL DE JUSTICA - SERVIDORES;2.01;2.16;2.26;2.36;sim;sim
38745;CAMARA MUNICIPAL DE BALBINOS;2.8;2.95;3.05;3.15;sim;sim
38770;PREFEITURA MUNICIPAL DO CARPINA;1.9;2.05;2.15;2.25;sim;sim
38793;PREFEITURA DOS PALMARES;2.27;2.42;2.52;2.62;sim;sim
38794;TRIBUNAL DE CONTAS MATO GROSSO DO SUL;2.3;2.5;2.6;2.7;sim;sim
38820;INSTITUTO DE PREVIDENCIA DOS SERVIDORES DO MUNICIPIO DO CARPINA;2.19;2.34;2.44;2.54;sim;sim
38862;INST PREV SERV MUN ILHABELA-ILHABELAPREV;1.99;2.14;2.24;2.34;sim;sim
38892;FASI FUNDACAO DE ATENCAO A SAUDE DE;2.15;2.25;2.4;2.45;sim;sim
38909;PREFEITURA MUNICIPAL DE SABARA;1.94;2.09;2.19;2.29;sim;sim
38942;PREFEITURA MUNICIPAL DE VALENCA;2.31;2.46;2.56;2.66;sim;sim
38968;MUNICIPIO DE PAULINIA;1.83;1.98;2.08;2.18;sim;sim
38978;FUNDO MUNICIPAL DE EDUCACAO DOS PALMARES;2.39;2.54;2.64;2.74;sim;sim
39001;FUNDO MUNICIPAL DE SAUDE;2.59;2.74;2.84;2.94;sim;sim
39048;IPREM - SALES;2.15;2.3;2.4;2.5;sim;sim
39063;PREFEITURA MUNICIPAL DE BARCARENA;1.95;2.1;2.2;2.3;sim;sim
39088;PREFEITURA MUNICIPAL DO SURUBIM;2.0;2.2;2.3;2.4;sim;sim
39089;INST DE PREVIDENCIA DOS SERVIDORES;2.07;2.22;2.32;2.42;sim;sim
39130;PREFEITURA MUNICIPAL DE PIRAJUI;2.41;2.61;2.71;2.81;sim;sim
39141;INSTITUTO PREV SERV MUNICIPAL DE TAQUARITINGA;2.15;2.35;2.45;2.55;sim;sim
39166;FUNDO MUNICIPAL DE SEGURIDADE DE BADY BASSITT;2.25;2.4;2.5;2.6;sim;sim
39170;GOVERNO DO ESTADO DE RONDONIA;2.1;2.2;2.35;2.4;sim;sim
39203;PREFEITURA MUNICIPAL DE FORTALEZA;2.09;2.29;2.39;2.49;sim;sim
39221;MUNICIPIO DE SAO GABRIEL;1.89;2.09;2.19;2.29;sim;sim
39243;PREFEITURA MUNICIPAL DE PORTO VELHO;2.22;2.42;2.52;2.62;sim;sim
39316;MUNICIPIO DE LAGOA VERMELHA;2.01;2.21;2.31;2.41;sim;sim
39364;INST DE PREVID MUN DE PATOS DE MINAS;2.29;2.49;2.59;2.69;sim;sim
39380;INSTITUTO DE PREVIDENCIA MUNICIPAL DE SÃO PAULO IPREM;2.15;2.3;2.4;2.5;sim;sim
39398;MUNICIPIO DE BARREIRAS;2.62;2.77;2.87;2.97;sim;sim
39413;MUNICIPIO DE UBERLANDIA;1.91;2.11;2.21;2.31;sim;sim
39497;PARANAVAI PREVIDENCIA;2.28;2.48;2.58;2.68;sim;sim
39524;JUSTIÃA FEDERAL DO RIO GRANDE DO NORTE;2.27;2.42;2.52;2.62;sim;sim
39540;MUNICIPIO DE VIANA;1.9;2.05;2.15;2.25;sim;sim
39544;INSTITUTO DE PREVIDENCIA SOCIAL DOS SERVIDORES PUBLICOS DO MUNICIPIO DE VIANA;2.1;2.25;2.35;2.45;sim;sim
39548;PREVIDENCIA DOS SERVIDORES PUBLICOS MUNICIPAIS DE MARINGA;2.05;2.2;2.3;2.4;sim;sim
39605;MUNICIPIO DE CACERES;2.11;2.26;2.36;2.46;sim;sim
39626;PREFEITURA MUNICIPAL DE CORONEL FAB;2.09;2.29;2.39;2.49;sim;sim
39635;PAULIPREV PAULINIA-INST PREV PAULINIA;2.06;2.21;2.31;2.41;sim;sim
39639;MUNICIPIO DE TANGARA DA SERRA;1.98;2.13;2.23;2.33;sim;sim
39689;MUNICIPIO DE JUAZEIRO DO NORTE;2.16;2.31;2.41;2.51;sim;sim
39705;FUNDAÃÃO MARIMBETA - FMSICA;2.34;2.49;2.59;2.69;sim;sim
39711;MUNICIPIO DE ANGRA DOS REIS;2.1;2.25;2.35;2.45;sim;sim
39717;MUNICIPIO DE CACHOEIRINHA;2.1;2.25;2.35;2.45;sim;sim
39731;DEPARTAM MUN DE AGUA E ESGOTO-UBERLANDIA;1.98;2.25;2.15;2.25;sim;sim
39764;IBASCAF INST BENEF E ASSIST AOS SERV MUN DE CABO FRIO;1.97;2.12;2.22;2.32;sim;sim
39766;MUNICIPIO DE LAJEADO;1.91;2.06;2.16;2.26;sim;sim
39781;PREFEITURA MUNICIPAL DE IBATE;2.02;2.17;2.27;2.37;sim;sim
39782;INSTITUTO DE PREVIDENCIA MUNICIPAL;2.27;2.42;2.52;2.62;sim;sim
39819;MUNICIPIO DE UMUARAMA;1.94;2.09;2.19;2.29;sim;sim
39820;PREFEITURA MUNICIPAL DE CURVELO;2.25;2.4;2.5;2.6;sim;sim
39829;MUNICIPIO DE CAMPINA GRANDE DO SUL;2.51;2.66;2.76;2.86;sim;sim
39830;PREFEITURA MUNICIPAL DE MONTE MOR;1.89;2.04;2.14;2.24;sim;sim
39833;PREFEITURA MUNICIPAL DE TEOFILO OTONI;3.43;3.63;3.73;3.83;sim;sim
39838;MUNICIPIO DE BOM DESPACHO;2.1;2.3;2.4;2.5;sim;sim
39851;MUNICIPIO DE BARBALHA;1.94;2.09;2.19;2.29;sim;sim
39863;SAAESP-SERVICO AUTONOMO DE AGUA E E;2.05;2.2;2.3;2.4;sim;sim
39872;INST DE PREVIDENCIA DOS SERVIDORES;2.25;2.4;2.5;2.6;sim;sim
39877;MUNICIPIO DE FRANCISCO MORATO;1.93;2.08;2.18;2.28;sim;sim
39902;MUNICIPIO DE PARANAGUA;2.15;2.35;2.45;2.55;sim;sim
39903;FUNDO DE PREVIDENCIA SOCIAL DO MUNI;2.03;2.18;2.28;2.38;sim;sim
39914;IPREMU - INST PREV DOS SERVID UBERLÃNDIA;1.93;2.08;2.18;2.28;sim;sim
39928;MUNICIPIO DE NAVIRAI;2.24;2.44;2.54;2.64;sim;sim
39954;MUNICIPIO DE CAMETA;1.89;2.04;2.14;2.24;sim;sim
39958;INSTITUTO DE PREVIDENCIA DO MUNICIP;2.15;2.3;2.4;2.5;sim;sim
39959;MUNICIPIO DE SOCORRO;2.25;2.4;2.5;2.6;sim;sim
39960;ASSEMBLEIA LEGISLATIVA DO ESTADO DO PARA;1.95;2.1;2.2;2.3;sim;sim
39967;IPREBE - INSTITUTO DE PREVIDENCIA M;2.09;2.24;2.34;2.44;sim;sim
39971;MUNICIPIO DE SAO FELIX DO XINGU;3.08;3.23;3.33;3.43;sim;sim
39974;INSTITUTO DE PREVIDENCIA SOCIAL DOS;1.81;2.01;2.11;2.21;sim;sim
39981;FUNDO PREVIDENCIARIO DO MUNICIPIO DE LIMOEIRO;2.38;2.58;2.68;2.78;sim;sim
39985;MUNICIPIO DE BEZERROS;2.04;2.19;2.29;2.39;sim;sim
39988;MUNICIPIO DE MARACANAU;2.58;2.78;2.88;2.98;sim;sim
39989;MUNICIPIO DE ROLANDIA;1.86;2.01;2.11;2.21;sim;sim
40002;MUNICIPIO DE SANTOS DUMONT;2.41;2.61;2.71;2.81;sim;sim
40003;MUNICIPIO DE PASSIRA;2.34;2.49;2.59;2.69;sim;sim
40016;INSTITUTO DE PREVIDENCIA SOCIAL SER;2.6;2.75;2.85;2.95;sim;sim
40039;MUNICIPIO DE JEQUIE;2.09;2.24;2.34;2.44;sim;sim
40042;FUNDO MUN DE PREVID DO MUN DE PASSIRA;2.19;2.39;2.49;2.59;sim;sim
40045;FUNDO MUNICIPAL DE SAUDE;2.25;2.4;2.5;2.6;sim;sim
40047;FUNDO MUNICIPAL DE EDUCACAO;2.25;2.4;2.5;2.6;sim;sim
40056;MUNICIPIO DE GUAXUPE;2.25;2.4;2.5;2.6;sim;sim
40057;JUSTICA FEDERAL DE PRIMEIRO GRAU NO;2.45;2.65;2.75;2.85;sim;sim
40073;MUNICIPIO DE PORTO SEGURO;2.66;2.81;2.91;3.01;sim;sim
40096;REGIME PRÃPRIO DE PREVID SOCIAL-ARCOPREV;2.27;2.47;2.57;2.67;sim;sim
40120;INSTITUTO DE BENEF E ASSIST DOS SER;2.08;2.23;2.33;2.43;sim;sim
40134;MUNICIPIO DE SORRISO;2.03;2.18;2.28;2.38;sim;sim
40168;FUNDO MUNICIPAL DE SAUDE;2.3;2.45;2.55;2.65;sim;sim
40170;INSTITUTO DE PREVIDENCIA DOS SERVID;2.22;2.37;2.47;2.57;sim;sim
40174;SERVICO FUNERARIO DO MUNICIPIO DE S;2.0;2.15;2.25;2.35;sim;sim
40185;MUNICIPIO DE CAMPO LARGO;1.93;2.08;2.18;2.28;sim;sim
40192;FUNDO MUNICIPAL DE ASSISTENCIA SOCI;2.27;2.42;2.52;2.62;sim;sim
40200;INSTITUTO DE PREVIDENCIA DE SANTO A;2.05;2.2;2.3;2.4;sim;sim
40201;MUNICIPIO DE MAMANGUAPE;1.91;2.06;2.16;2.26;sim;sim
40202;MUNICIPIO DE ABAETETUBA;2.54;2.74;2.84;2.94;sim;sim
40203;MUNICIPIO DE PONTE NOVA;2.2;2.35;2.45;2.55;sim;sim
40219;MUNICIPIO DE BIGUACU;1.86;2.01;2.11;2.21;sim;sim
40242;MUNICIPIO DE BARRA MANSA;2.11;2.26;2.36;2.46;sim;sim
40255;PREFEITURA MUNICIPAL DE JUNQUEIROPOLIS;3.53;3.68;3.78;3.88;sim;sim
40272;PREFEITURA MUNICIPAL DE POMBOS;2.38;2.53;2.63;2.73;sim;sim
40289;INSTITUTO PREVIDENCIA DOS SERVIDORE;2.25;2.4;2.5;2.6;sim;sim
40317;MANAUS PREVIDENCIA - MANAUSPREV;2.1;2.25;2.35;2.45;sim;sim
40326;MUNICIPIO DE ALTA FLORESTA;2.15;2.3;2.4;2.5;sim;sim
40328;FUNDO PREVIDENCIARIO DOS SERVIDORES;1.95;2.1;2.2;2.3;sim;sim
40334;PREFEITURA MUNICIPAL DE ESTRELA DOESTE;2.31;2.46;2.56;2.66;sim;sim
40341;MUNICIPIO DE CAMBE;2.0;2.15;2.25;2.35;sim;sim
40348;MUNICIPIO DE MACAE;2.3;2.45;2.55;2.65;sim;sim
40350;MUNICIPIO DE ARACAJU;2.42;2.57;2.67;2.77;sim;sim
40353;MUNICIPIO DE IPATINGA;1.98;2.13;2.23;2.33;sim;sim
40372;SERVICO AUTONOMO DE AGUA E ESGOTO D;2.25;2.4;2.5;2.6;sim;sim
40375;SANEAMENTO AMBIENTAL DE VIRADOURO S;2.25;2.4;2.5;2.6;sim;sim
40392;INSTITUTO MUNICIPAL DE PREVIDENCIA;2.56;2.76;2.86;2.96;sim;sim
40411;MUNICIPIO DE CRATO;2.0;2.15;2.25;2.35;sim;sim
40426;MUNICIPIO DE CAXIAS;2.46;2.66;2.76;2.86;sim;sim
40427;INSTITUTO DE PREVIDENCIA DOS SERVID;2.68;2.88;2.98;3.08;sim;sim
40455;DEPARTAMENTO MUNICIPAL DE AGUA ESGO;2.01;2.16;2.26;2.36;sim;sim
40456;MUNICIPIO DE ITAPEVA;2.25;2.4;2.5;2.6;sim;sim
40461;FUNDO MUNICIPAL DE EDUCACAO;2.62;2.77;2.87;2.97;sim;sim
40525;SANTA CATARINA GOVERNO DO ESTADO;1.8;1.8;1.9;1.9;sim;sim
40555;MUNICIPIO DE ARROIO GRANDE;2.1;2.3;2.4;2.5;sim;sim
40559;MUNICIPIO DE NAVEGANTES;2.0;2.2;2.3;2.4;sim;sim
40560;MUNICIPIO DE FORMOSA;2.03;2.13;2.28;2.33;sim;sim
40576;MUNICIPIO DE JOAO MONLEVADE;2.25;2.4;2.5;2.6;sim;sim
40596;FUNDO DE PREVIDENCIA DO MUNICIPIO D;2.2;2.35;2.45;2.55;sim;sim
40605;MUNICIPIO DE PIRAPORA DO BOM JESUS;2.19;2.34;2.44;2.54;sim;sim
40608;MUNICIPIO DE CASTANHAL;1.85;2.05;2.15;2.25;sim;sim
40609;IPREJ - INST PREV DOS SERV MUN DE JEQUIE;2.1;2.25;2.35;2.45;sim;sim
40615;FUNDO MUNICIPAL DE EDUCACAO DE CAST;2.06;2.21;2.31;2.41;sim;sim
40620;MUNICIPIO DE RIO BRILHANTE;1.93;2.08;2.18;2.28;sim;sim
40625;MUNICIPIO DE MARACAJU;2.18;2.38;2.48;2.58;sim;sim
40648;MUNICIPIO DE AQUIRAZ;2.2;2.4;2.5;2.6;sim;sim
40683;MUNICIPIO DE MEDIANEIRA;2.5;2.7;2.8;2.9;sim;sim
40702;MUNICIPIO DE GUAIBA;2.15;2.3;2.4;2.5;sim;sim
40710;MUNICIPIO DE SAO PEDRO DA ALDEIA;1.98;2.13;2.23;2.33;sim;sim
40711;FUNDO MUNICIPAL DE ASSISTENCIA SOCI;2.15;2.35;2.45;2.55;sim;sim
40712;FUNDO MUNICIPAL DE SAUDE;2.25;2.4;2.5;2.6;sim;sim
40719;MUNICIPIO DE TAUBATE;2.19;2.34;2.44;2.54;sim;sim
40723;MUNICIPIO DE CASTRO;1.96;2.11;2.21;2.31;sim;sim
40745;MUNICIPIO DE RIO VERDE;2.12;2.27;2.37;2.47;sim;sim
40763;MUNICIPIO DE LEOPOLDINA;2.26;2.41;2.51;2.61;sim;sim
40764;MUNICIPIO DE CAICO;2.52;2.72;2.82;2.92;sim;sim
40780;MUNICIPIO DE ABREU E LIMA;2.17;2.37;2.47;2.57;sim;sim
40794;MUNICIPIO DE URUGUAIANA;3.08;3.28;3.38;3.48;sim;sim
40816;MUNICIPIO DE MARANGUAPE;1.9;2.1;2.2;2.3;sim;sim
40825;MUNICIPIO DE SIDROLANDIA;1.9;2.05;2.15;2.25;sim;sim
40826;MUNICIPIO DE CANARANA;2.04;2.19;2.29;2.39;sim;sim
40830;MUNICIPIO DE GOVERNADOR VALADARES;2.18;2.33;2.43;2.53;sim;sim
40831;MUNICIPIO DE ITABIRA;1.98;2.13;2.23;2.33;sim;sim
40832;FUNDO DE PREVIDENCIA SOCIAL DE BARR;2.19;2.34;2.44;2.54;sim;sim
40852;INSTITUTO DE PREVIDENCIA SOCIAL DO;2.25;2.4;2.5;2.6;sim;sim
40858;MUNICIPIO DE EUNAPOLIS;2.0;2.15;2.25;2.35;sim;sim
40862;MUNICIPIO DE UNAI;1.82;2.02;2.12;2.22;sim;sim
40943;INST PREV MUN MARINOPOLIS IPREM;2.8;2.95;3.05;3.15;sim;sim
40947;PREFEITURA MUNICIPAL DE TRES PONTAS;1.99;2.54;2.19;2.59;sim;sim
40969;MUNICIPIO DE VARGEM GRANDE PAULISTA;2.07;2.27;2.37;2.47;sim;sim
40977;MUNICIPIO DE OSASCO;3.08;3.28;3.38;3.48;sim;sim
40997;MUNICIPIO DE BALSAS;1.94;2.09;2.19;2.29;sim;sim
41014;MUNICIPIO DE PAULO AFONSO;2.59;2.79;2.89;2.99;sim;sim
41023;INSTITUTO DE PREVIDENCIA MUNICIPAL;2.62;2.77;2.87;2.97;sim;sim
41028;INST PREV SOCIAL MUN DE CAMPINAS-CAMPREV;2.23;2.38;2.48;2.58;sim;sim
41036;MUNICIPIO DE GURUPI;1.92;2.07;2.17;2.27;sim;sim
41064;MUNICIPIO DE SAO JOSE;2.64;2.64;2.84;2.84;sim;sim
41143;PREVICAN FUNDO MUNICIPAL PREVIDENCI;2.7;2.85;2.95;3.05;sim;sim
41145;MUNICIPIO DE PRIMAVERA DO LESTE;2.61;2.81;2.91;3.01;sim;sim
41147;INSTITUTO DE PREVIDENCIA SOCIAL DOS;2.61;2.76;2.86;2.96;sim;sim
41154;TRIBUNAL REGIONAL DO TRABALHO 16 RE;2.11;2.26;2.36;2.46;sim;sim
41168;SERVICO AUTONOMO DE AGUA E ESGOTO;2.25;2.4;2.5;2.6;sim;sim
41178;MUNICIPIO DE JUARA;2.01;2.21;2.31;2.41;sim;sim
41179;MUNICIPIO DE SAPEZAL;1.85;2.0;2.1;2.2;sim;sim
41196;SANASA CAMPINAS;2.07;2.27;2.37;2.47;sim;sim
41206;MUNICIPIO DE DOIS VIZINHOS;2.96;3.16;3.26;3.36;sim;sim
41231;MUNICIPIO DE PARACATU;2.18;2.38;2.48;2.58;sim;sim
41256;SERVICO FEDERAL DE PROCESSAMENTO DE;2.34;2.49;2.59;2.69;sim;sim
41257;MUNICIPIO DE PALMAS - TO;2.1;2.25;2.4;2.45;sim;sim
41268;ESTADO DO PIAUI;2.23;2.38;2.48;2.58;sim;sim
41279;PREFEITURA MUNICIPAL DE CAPAO DA CANOA;2.54;2.64;2.79;2.84;sim;sim
41280;MUNICIPIO DE RUSSAS;2.55;2.75;2.85;2.95;sim;sim
41281;PREFEITURA MUNICIPAL DE BELA VISTA;2.11;2.26;2.36;2.46;sim;sim
41307;INSTITUTO DE PREVIDENCIA E SEGURIDA;1.88;2.03;2.13;2.23;sim;sim
41316;MUNICIPIO DE ACAILANDIA;2.19;2.34;2.44;2.54;sim;sim
41318;MUNICIPIO DE POSSE;2.81;3.01;3.11;3.21;sim;sim
41324;MUNICIPIO DE TRINDADE;1.85;2.0;2.1;2.2;sim;sim
41332;MUNICIPIO DE PORTO NACIONAL;2.38;2.53;2.63;2.73;sim;sim
41345;HOSPITAL DO SERVIDOR PUBLICO MUNICI;2.2;2.35;2.45;2.55;sim;sim
41348;MUNICIPIO DE GASPAR;2.82;2.97;3.07;3.17;sim;sim
41368;MUNICIPIO DE BLUMENAU;2.15;2.3;2.4;2.5;sim;sim
41382;MUNICIPIO DE ARIQUEMES;1.84;1.99;2.09;2.19;sim;sim
41385;MUNICIPIO DE VALPARAISO DE GOIAS;2.25;2.4;2.5;2.6;sim;sim
41389;TRINDADE PREV INST DE PREV DOS SERV;2.07;2.22;2.32;2.42;sim;sim
41390;MUNICIPIO DE MACEIO;4.29;4.49;4.59;4.69;sim;sim
41402;MUNICIPIO DE IRECE;2.17;2.37;2.47;2.57;sim;sim
41404;MUNICIPIO DE SANTANA;1.98;2.13;2.23;2.33;sim;sim
41422;PREVMMAR;2.4;2.6;2.7;2.8;sim;sim
41426;INSTTITUTO DE PREVIDENCIA DO SERVID;2.2;3.35;2.45;3.55;sim;sim
41456;MUNICIPIO DE VARZEA GRANDE;1.94;2.14;2.24;2.34;sim;sim
41458;MUNICIPIO DE ESTEIO;2.1;2.25;2.35;2.45;sim;sim
41492;MUNICIPIO DE BACABAL;2.05;2.2;2.3;2.4;sim;sim
41493;FUNDO MUNICIPAL DE SAUDE DE BACABAL;2.35;2.5;2.6;2.7;sim;sim
41495;DEPARTAMENTO AUTONOMO DE AGUA E ESG;2.36;2.56;2.66;2.76;sim;sim
41505;MUNICIPIO DE ARACRUZ;2.04;2.24;2.34;2.44;sim;sim
41507;MUNICIPIO DE SINOP;1.8;1.95;2.05;2.15;sim;sim
41510;PREFEITURA MUNICIPAL DE LEME;1.98;2.13;2.23;2.33;sim;sim
41514;CAMARA MUNICIPAL DE SANTOS;2.69;2.84;2.94;3.04;sim;sim
41556;MUNICIPIO DE BALNEARIO CAMBORIU;1.86;2.01;2.11;2.21;sim;sim
41557;MUNICIPIO DE CACADOR;1.92;2.07;2.17;2.27;sim;sim
41602;INSTITUTO DE PREVIDENCIA SOCIAL DOS;2.01;2.16;2.26;2.36;sim;sim
41643;MUNICIPIO DE GOIANIA;4.0;4.1;4.25;4.3;sim;sim
41654;MUNICIPIO DE CRATEUS;3.25;3.4;3.5;3.6;sim;sim
41659;MUNICIPIO DE SUMARE;2.35;2.5;2.6;2.7;sim;sim
41697;MUNICIPIO DE SACRAMENTO;2.25;2.4;2.5;2.6;sim;sim
41698;PREFEITURA MUNICIPAL DE CAFELANDIA;2.31;2.51;2.61;2.71;sim;sim
41704;PREFEITURA MUNICIPAL DE SAO MATEUS DO SUL;1.82;1.97;2.07;2.17;sim;sim
41712;MUNICIPIO DE ARAUCARIA;2.12;2.27;2.37;2.47;sim;sim
41714;INST PREV DE S PEDRO DA ALDEIA-PREVISPA;2.27;2.42;2.52;2.62;sim;sim
41717;MUNICIPIO DE IPIAU;2.63;2.83;2.93;3.03;sim;sim
41743;FUNDACAO DE SAUDE PUBLICA SAO CAMIL;2.25;2.4;2.5;2.6;sim;sim
41752;MUNICIPIO DE TELEMACO BORBA;1.95;2.1;2.2;2.3;sim;sim
41828;MUNICIPIO DE SILVEIRAS;1.93;2.08;2.18;2.28;sim;sim
41833;MUNICIPIO DE RESENDE;1.92;2.07;2.17;2.27;sim;sim
41837;CAMPO LARGO CAMARA MUNICIPAL;2.26;2.41;2.51;2.61;sim;sim
41843;GUARUJA PREVIDENCIA;2.14;2.34;2.44;2.54;sim;sim
41857;MUNICIPIO DE ARAGUAINA;1.89;2.04;2.14;2.24;sim;sim
41860;MUNICIPIO DE JANDIRA;2.15;2.35;2.45;2.55;sim;sim
41861;MUNICIPIO DE SANTA RITA;1.92;2.07;2.17;2.27;sim;sim
41948;MUNICIPIO DE SERRINHA;1.9;2.1;2.2;2.3;sim;sim
41967;PREFEITURA MUNICIPAL DE ITUMBIARA;2.82;3.02;3.12;3.22;sim;sim
41973;IPREV - INSTITUTO DE PREVIDENCIA DO;1.95;2.1;2.2;2.3;sim;sim
41975;MUNICIPIO DE JANAUBA;2.29;2.49;2.59;2.69;sim;sim
41981;MUNICIPIO DE SANTA CRUZ DO CAPIBARIBE;2.15;2.5;2.35;2.45;sim;sim
41984;MUNICIPIO DE BARRA DO GARÃAS;2.03;2.23;2.33;2.43;sim;sim
41985;TRIBUNAL DE CONTAS DO ESTADO DE SAO;1.93;2.08;2.18;2.28;sim;sim
42008;MUNICIPIO DE CARAPICUIBA;2.79;2.99;3.09;3.19;sim;sim
42009;MUNICIPIO DE PENEDO;1.89;2.04;2.14;2.24;sim;sim
42012;MPPE - PROCURADORIA GERAL DA JUSTICA;2.07;2.22;2.32;2.42;sim;sim
42013;FESURV - UNIVERSIDADE DE RIO VERDE;2.87;3.07;3.17;3.27;sim;sim
42017;PREFEITURA MUNICIPAL DE CATANDUVA;2.21;2.36;2.46;2.56;sim;sim
42019;VOTOPREV - FUND SEG SOC FUNC PUBL DO MUN;2.04;2.19;2.29;2.39;sim;sim
42028;MUNICIPIO DE QUIRINOPOLIS;1.92;2.07;2.17;2.27;sim;sim
42083;GOVERNO DO ESTADO DO CEARÃ;2.16;2.31;2.41;2.51;sim;sim
42087;MUNICIPIO DE GUARANTA DO NORTE;2.04;2.24;2.34;2.44;sim;sim
42092;MUNICIPIO DE OURO PRETO;2.33;2.53;2.63;2.73;sim;sim
42112;MUNICIPIO DE MONCAO;2.32;2.52;2.52;2.72;sim;sim
42115;FUNDO DE PREVIDENCIA SOCIAL DO MUNICIPIO DE FORMOSA;3.43;3.63;3.73;3.83;sim;sim
42118;MUNICIPIO DE SANTO ANTONIO DE PADUA;2.05;2.25;2.35;2.45;sim;sim
42136;MUNICIPIO DE CONFRESA;1.92;2.12;2.22;2.32;sim;sim
42143;MUNICIPIO DE CURRAIS NOVOS;2.0;2.15;2.25;2.35;sim;sim
42147;MUNICIPIO DE ARMACAO DE BUZIOS;2.25;2.4;2.5;2.6;sim;sim
42159;MUNICIPIO DE PITANGUEIRAS;2.62;2.82;2.82;3.02;sim;sim
42171;MUNICIPIO DE JARU;1.86;2.01;2.11;2.21;sim;sim
42173;PREFEITURA MUNICIPAL DE COLOMBO;2.15;2.3;2.4;2.5;sim;sim
42178;MUNICIPIO DE SEABRA;2.1;2.25;2.35;2.45;sim;sim
42180;MUNICIPIO DE JACOBINA;1.91;2.06;2.16;2.26;sim;sim
42183;SERVICO MUNICIPAL DE SANEAMENTO AMB;2.31;2.51;2.61;2.71;sim;sim
42190;MUNICIPIO DE GOIANESIA;3.21;3.41;3.51;3.61;sim;sim
42192;PREFEITURA MUNICIPAL DE SANTO ANTONIO DA PLATINA;2.1;2.3;2.4;2.5;sim;sim
42203;IMPREVI INSTITUTO MUNICIPAL PREVIDE;2.3;2.5;2.6;2.7;sim;sim
42204;JUSTICA FEDERAL DE PRIMEIRO GRAU NO;2.35;2.55;2.65;2.75;sim;sim
42205;MUNICIPIO DE VILHENA;1.85;2.0;2.1;2.2;sim;sim
42210;PREFEITURA MUNICIPAL DE MAUA;2.15;2.3;2.4;2.5;sim;sim
42222;MUNICIPIO DE MAGE;1.95;2.1;2.2;2.3;sim;sim
42232;MUNICIPIO DE COLIDER;2.34;2.54;2.64;2.74;sim;sim
42243;FUNDO DE PREVIDENCIA SOCIAL DO MUNI;2.8;2.95;3.05;3.15;sim;sim
42244;MUNICIPIO DE ITAPETINGA;2.0;2.2;2.3;2.4;sim;sim
42245;MUNICIPIO DE AQUIDAUANA;2.08;2.28;2.38;2.48;sim;sim
42247;MUNICIPIO DE JOAO PINHEIRO;1.91;2.06;2.16;2.26;sim;sim
42251;MUNICIPIO DE CANAA DOS CARAJAS;2.17;2.32;2.42;2.52;sim;sim
42252;MUNICIPIO DE PIMENTA BUENO;1.82;2.02;2.12;2.22;sim;sim
42255;MUNICIPIO DE BOA VISTA;3.02;3.22;3.32;3.42;sim;sim
42256;MUNICIPIO DE RONDON DO PARA;2.21;2.36;2.46;2.56;sim;sim
42282;INSTITUTO DE ASSISTÃNCIA E PREVIDÃNCIA MUNICIPAL GUARABIRA - PB;2.4;2.55;2.65;2.75;sim;sim
42283;PREFEITURA MUNICIPAL DE PARAGOMINAS;2.33;2.53;2.63;2.73;sim;sim
42286;MUNICÃPIO DE PETROLINA;1.88;2.03;2.13;2.23;sim;sim
42292;MUNICIPIO DE REDENCAO;2.08;2.23;2.33;2.43;sim;sim
42301;TRIBUNAL DE JUSTICA DO ESTADO DO ACRE;2.06;2.26;2.36;2.46;sim;sim
42303;MUNICIPIO DE PEDRO II;2.35;2.5;2.6;2.7;sim;sim
42311;MUNICÃPIO DE PORANGATU;2.01;2.16;2.26;2.36;sim;sim
42315;PREFEITURA MUNICIPAL DE VICENCIA;2.05;2.2;2.3;2.4;sim;sim
42341;MUNICIPIO DE MANACAPURU;2.41;2.56;2.66;2.76;sim;sim
42348;MUNICIPIO DE PATOS;2.12;2.27;2.37;2.47;sim;sim
42349;MUNICIPIO DE INHUMAS;3.09;3.24;3.34;3.44;sim;sim
42351;MUNICIPIO DE HUMAITA;2.31;2.46;2.56;2.66;sim;sim
42354;MUNICIPIO DE PICOS - SECRETARIA DE SAUDE;2.1;2.25;2.35;2.45;sim;sim
42355;MUNICIPIO DE PICOS - SECRETARIA DE EDUCAÃÃO;2.25;2.4;2.5;2.6;sim;sim
42358;MINISTERIO PUBLICO ESTADUAL MATO GROSSO DO SUL;1.95;2.15;2.25;2.35;sim;sim
42359;INSTITUTO DE PREVIDENCIA SOCIAL DOS;2.3;2.45;2.55;2.65;sim;sim
42360;MUNICIPIO DE TAUA;2.45;2.65;2.75;2.85;sim;sim
42404;FUNDO DE PREVIDENCIA SOCIAL FPS;2.73;2.88;2.98;3.08;sim;sim
42406;MUNICIPIO DE DOM ELISEU;1.89;2.04;2.14;2.24;sim;sim
42407;MUNICIPIO DE IPORA;1.92;2.07;2.17;2.27;sim;sim
42430;INSTITUTO DE PREVIDENCIA MUNICIPAL;2.12;2.27;2.37;2.47;sim;sim
42440;MUNICIPIO DE TRAIRI;3.4;3.6;3.7;3.8;sim;sim
42453;INSTITUTO DE PREVIDENCIA DOS SERVID;2.25;2.4;2.5;2.6;sim;sim
42465;MUNICIPIO DE CASIMIRO DE ABREU;2.05;2.2;2.3;2.4;sim;sim
42472;COMPANHIA DOCAS DE SANTANA;2.25;2.4;2.5;2.6;sim;sim
42476;MUNICIPIO DE CAMPO NOVO DO PARECIS;1.98;2.13;2.23;2.33;sim;sim
42482;FUNDO DE APOSENTADORIA E PENSOES - FAP;2.19;2.34;2.44;2.54;sim;sim
42485;MUNICIPIO DE APODI;2.26;2.41;2.51;2.61;sim;sim
42487;PREF MUN DE CEARA MIRIM;2.26;2.46;2.56;2.66;sim;sim
42490;PREFEITURA MUNICIPAL DE SAO JOSE DE;1.9;2.05;2.15;2.25;sim;sim
42491;MUNICIPIO DE SAO GABRIEL DO OESTE;1.93;2.08;2.18;2.28;sim;sim
42531;MUNICIPIO DE PARAISO DO TOCANTINS;2.14;2.34;2.44;2.54;sim;sim
42532;MUNICIPIO DE ROLIM DE MOURA;1.99;2.14;2.24;2.34;sim;sim
42535;PREFEITURA MUNICIPAL DE LUZIANIA;1.99;2.19;2.29;2.39;sim;sim
42538;IPSEMA INST PREV SOCIAL SERV AÃAILANDIA;2.27;2.42;2.52;2.62;sim;sim
42545;FUNDACAO UNIVERSIDADE REGIONAL DE B;2.4;2.55;2.65;2.75;sim;sim
42546;GURUPI PREV INSTITUTO DE PREVIDENCI;2.01;2.16;2.26;2.36;sim;sim
42579;MUNICIPIO DE PARAIBA DO SUL;2.25;2.4;2.5;2.6;sim;sim
42580;INSTITUTO DE PREVIDENCIA DOS SERVID;2.76;2.91;3.01;3.11;sim;sim
42581;INSTITUTO DE PREVIDENCIA DE JUAZEIR;2.27;2.47;2.57;2.67;sim;sim
42588;MUNICIPIO DE MACAPA;2.75;2.9;3.0;3.1;sim;sim
42591;INST PREV DOS SERV PUBL DO MUN MESQUITA;2.15;2.3;2.4;2.5;sim;sim
42594;MUNICIPIO DE UBIRATA;2.16;2.36;2.46;2.56;sim;sim
42601;DEPARTAMENTO MUNICIPAL DE AGUA E ES;2.3;2.45;2.55;2.65;sim;sim
42602;MUNICIPIO DE ANANINDEUA;2.22;2.37;2.47;2.57;sim;sim
42603;MUNICIPIO DE PIRES DO RIO;2.35;2.55;2.65;2.75;sim;sim
42637;INSTIT DE PREVID DOS SERVID PUBLICO;1.97;2.12;2.22;2.32;sim;sim
42638;PREFEITURA MUNICIPAL DE LAGOA SANTA;2.15;2.35;2.45;2.55;sim;sim
42642;MUNICIPIO DE ITAPIPOCA;2.53;2.73;2.83;2.93;sim;sim
42672;MUNICIPIO DE XINGUARA;2.92;3.07;3.17;3.27;sim;sim
42678;PREFEITURA CHAPADINHA;1.93;2.08;2.18;2.28;sim;sim
42679;INSTITUTO DE PREVIDENCIA DE CHAPADINHA;1.98;2.13;2.23;2.33;sim;sim
42692;FUNDO MUNICIPAL DE SAUDE DE CASTELO;2.75;2.9;3.0;3.1;sim;sim
42699;MUNICIPIO DE CASTELO;2.23;2.43;2.53;2.63;sim;sim
42804;MUNICIPIO DE DELMIRO GOUVEIA;2.15;2.35;2.45;2.55;sim;sim
42812;SERV AUTON AGUA ESG IGARACU TIE;2.25;2.4;2.5;2.6;sim;sim
42818;PREFEITURA MUNICIPAL DE IGARAÃU DO TIETÃ;2.11;2.31;2.41;2.51;sim;sim
42819;PREFEITURA MUNICIPAL DE FLORIDA PAULISTA;2.85;3.0;3.1;3.2;sim;sim
42820;INSTITUTO DE PREVIDENCIA SOCIAL DO MUNICIPIO DE MACAE;1.94;2.14;2.24;2.34;sim;sim
42834;INSTITUTO MUNICIPAL DE PREVIDENCIA SOCIAL DE QUATA;2.2;2.35;2.45;2.55;sim;sim
42844;CAMARA MUNICIPAL DE ARACATUBA;2.25;2.4;2.5;2.6;sim;sim
42845;DEFENSORIA PUBLICA GERAL DO ESTADO DE MATO GROSSO DO SUL;2.25;2.4;2.5;2.6;sim;sim
42865;MUNICIPIO DE CAMPO MAIOR;2.27;2.42;2.52;2.62;sim;sim
42893;MUNICIPIO DE PORTO ALEGRE;2.28;2.43;2.53;2.63;sim;sim
42902;INSTITUTO DE PREVIDENCIA MUNICIPAL DE GOV. VALADARES;1.91;2.11;2.21;2.31;sim;sim
42972;INSTITUTO DE SEGURIDADE DO SERVIDOR MUNICIPAL DE CAMAÃARI;2.27;2.42;2.52;2.62;sim;sim
42981;PREFEITURA MUNICIPAL DE TOUROS;2.01;2.21;2.31;2.41;sim;sim
42982; INST PREV SOCIAL DOS SERVID MUN HUMAITA;2.25;2.4;2.5;2.6;sim;sim
42985;DEFENSORIA PUBLICA DO ESTADO DO TOCANTINS;2.36;2.56;2.66;2.76;sim;sim
43001;MUNICIPIO DE COXIM;1.9;2.05;2.15;2.25;sim;sim
43081;MUNICIPIO DE CONCEICAO DO COITE;2.47;2.67;2.77;2.87;sim;sim
43147;MUNICIPIO DE ASSU;2.23;2.38;2.48;2.58;sim;sim
43149;MUNICIPIO DE COLINAS DO TOCANTINS;2.1;2.25;2.35;2.45;sim;sim
43154;MUNICIPIO DE SAQUAREMA;2.42;2.57;2.67;2.77;sim;sim
43188;MUNICIPIO DE  CABEDELO;2.07;2.27;2.37;2.47;sim;sim
43190;INSTITUTO DE PREVIDENCIA DOS MUNICIPIARIOS DE CATANDUVA;2.0;2.15;2.25;2.35;sim;sim
43212;MUNICIPIO DE PALMAS - PR;2.09;2.24;2.34;2.44;sim;sim
43237;SERVICO AUTONOMO DE AGUA E ESGOTO DE COLINA;2.36;2.51;2.61;2.71;sim;sim
43243;INSTITUTO DE PREVIDENCIA MUNICIPAL DE SAO GONCALO DO AMARANTE - IPREV;2.25;2.4;2.5;2.6;sim;sim
43268;PREFEITURA MUNICIPAL DE PRATANIA;2.2;2.4;2.5;2.6;sim;sim
43273;SUPERINTENDENCIA MUNICIPAL DE TRANS;2.2;2.35;2.45;2.55;sim;sim
43275;FUNDO MUNICIPAL DE SAUDE;2.21;2.36;2.46;2.56;sim;sim
43350;CARUARU PREV;2.02;2.17;2.27;2.37;sim;sim
43358;MUNICIPIO DE SAO FRANCISCO DO SUL;1.86;2.06;2.16;2.26;sim;sim
43401;MUNICIPIO DE JUINA;2.27;2.47;2.57;2.67;sim;sim
43404;MUNICIPIO DE LENCOIS PAULISTA;3.26;3.41;3.51;3.61;sim;sim
43464;AMAPA PREVIDENCIA - AMPREV;2.2;2.35;2.45;2.55;sim;sim
43469;FUNDO MUNICIPAL DE ASSISTENCIA SOCI;2.3;2.45;2.55;2.65;sim;sim
43478;MUNICIPIO DE ITAMARAJU;1.85;2.0;2.1;2.2;sim;sim
43487;MUNICIPIO DE BRUMADO;2.09;2.24;2.34;2.44;sim;sim
43535;INSTITUTO DE PREVIDENCIA SOCIAL DOS SERVIDORES MUNICIPAIS DE DOM ELISEU;2.13;2.28;2.38;2.48;sim;sim
43547;INSTITUTO DE PREVIDENCIA SOCIAL DOS;2.23;2.38;2.48;2.58;sim;sim
43553;PROCURADORIA GERAL DE JUSTICA DO ESTADO DO AMAZONAS;2.93;3.08;3.18;3.28;sim;sim
43554;INST PREV E ASSIST SERV RIO VERDE-IPARV;2.87;2.87;3.07;3.07;sim;sim
43591;SECRETARIA MUNICIPAL DE ADMINISTRAC;2.2;2.4;2.5;2.6;sim;sim
43597;PROCURADORIA GERAL DE JUSTICA DO ES;2.83;2.98;3.08;3.18;sim;sim
43639;FUNDO MUNICIPAL DE SEGURIDADE SOCIAL DE MACAUBAL;2.1;2.25;2.35;2.45;sim;sim
43654;PREFEITURA MUNICIPAL DE RANCHARIA;2.08;2.23;2.33;2.43;sim;sim
43655;CAPSMAR - CAIXA DE APOSENT E PREVID DOS SERV PUBL MUNIC DE ARANDU;2.48;2.63;2.73;2.83;sim;sim
43656;MUNICIPIO DE SAO MIGUEL;2.08;2.23;2.33;2.43;sim;sim
43703;INST PREVID DOS SERVIDORES MUNICIPAIS DE CABEDELO;2.25;2.4;2.5;2.6;sim;sim
43914;FUNDO PREVIDENCIARIO DO MUNICIPIO DE SAO LOURENCO DA MATA;2.28;2.43;2.53;2.63;sim;sim
43936;INSTITUTO DE PREVIDENCIA SOCIAL DOS SERVIDORES MUNICIPAIS DE SAO ROQUE;2.25;2.4;2.5;2.6;sim;sim
43945;MUNICIPIO DE LINHARES;1.9;2.05;2.15;2.25;sim;sim
43963;FUNDO PREVIDENCIARIO DO MUNICIPIO DE TAMBAU - FUPREVIT;2.25;2.4;2.5;2.6;sim;sim
43965;MUNICIPIO DE OLIVEIRA;2.18;2.33;2.43;2.53;sim;sim
44003;MUNICIPIO DE ESTANCIA;2.25;2.4;2.5;2.6;sim;sim
44033;CAIXA DE PREVIDENCIA E ASSISTENCIA DOS SERV.MUN. DE SANTANA DE PARNAIBA;1.95;2.1;2.2;2.3;sim;sim
44050;MUNICIPIO DE GRAVATA;2.28;2.43;2.53;2.63;sim;sim
44061;MUNICIPIO DE VICOSA;1.95;2.05;2.2;2.25;sim;sim
44068;MUNICIPIO DE LUCAS DO RIO VERDE;1.9;2.0;2.15;2.2;sim;sim
44071;INSTITUTO DE PREVIDENCIA DOS SERVIDORES MUNICIPAIS DE VITORIA DE SANTO ANTAO;2.25;2.4;2.5;2.6;sim;sim
44135;INST. PREV. SOCIAL DOS SERV. PUBL. MUNIC. DE ROLIM DE MOURA;2.07;2.22;2.32;2.42;sim;sim
44225;MUNICIPIO DE CAUCAIA;1.72;1.87;2.07;2.17;sim;sim
44226;INSTITUTO DE PREVIDENCIA DO MUNICIPIO DE CAUCAIA - IPMC;1.72;1.87;2.07;2.17;sim;sim
44227;INSTITUTO DE PREVIDENCIA MUNICIPAL DE LENCOIS PAULISTA;1.9;2.05;2.15;2.25;sim;sim
